Title,Film,Year,Singer,Composer,Lyricist,Lyrics
suquun dil ko mayassar gulosamar men nahiin,street singer,1938,saigal kanan devi saigal,rai chand boral,aarzoo lakhnawi,  suquun dil ko mayassar gulosamar men nahiin jo aashiyaan men hai apane vah baag bhar men nahiin  jahaan hai raaheguzar kah rahii hai chalatii saans suquun kii aur ummiid umar bhar bhii nahiin  na aasaraa ho jise duusaron kaa e hamadam vah aisaa dil hai ki jaise chiraag ghar men nahiin  paraae duhkh ko duhkh apanaa samajh le aur de saath bashar nahiin jo yah baat aarazuu bashar men nahiin 
kamasinii men dil pe gam kaa baar kyon,amrit manthan,1934,shanta apte chorus,keshavrao bhole,veer muhammedpuri,  kamasinii men dil pe gam kaa baar kyon 2 vaa ye qismat paas gul ke kaar kyon 2  tuut jab ummiid hii apanii gayii 2 bandh rahaa hai aansuon kaa taar kyon 2  dil huaa tukade to pahale baar men 2 phir bhii tiiron kii hai ye bauchhaar kyon  viir is diiwaanagii men hai mazaa 2 log kahate hain ise aazaar kyon 2 
din niike biite jaate hain sumaran kar siyaaraam naam,pooran bhagat,1933,saigal,r c boral,, aa aa  din niike biite jaate hain sumaran kar siyaaraam naam  2 haan sumaran kar siyaaraam naam din niike biite jaate hain   kaun tumhaaraa kutambkabiilaa ye sab matalab kaa hai liilaa  2 jiitejii ke naate hain sab 2 jiitejii ke naate hain  sumaran kar siyaaraam naam din niike biite jaate hain 2 sumaran kar siyaaraam naam din niike biite jaat  laakhchauraasii bhugat ke aayaa 2 bade bhaagya maanus tan paayaa laakhchauraasii bhugat ke aayaa bade bhaagya maanus tan paayaa taa par bhii nahiin karii kamaaii 3 phir paachhe pachhataate hain are phir paachhe pachhataate hain 2  sumaran kar siyaaraam naam din niike biite jaate hain sumaran kar siyaaraam naam haan sumaran kar siyaaraam naam din niike biite jaat 
kaahe ko mohe chhere re beimanawaa,pukaar,1939,sardar akhtar chorus,mir sahab,kamal amrohi,     sa 	kaahe ko mohe chhere re beimanawaa 2 	kaahe ko mohe chhere 	chher ke mohe pachhataiibe re 	pachhataiibe re 2 	beimanawaa 	kaahe ko mohe 	  	raajaa tumahiin se haare 	 naajaa tumahii se lagiyaa lagaay 	inake jaat morii dhobaniyaa  2 	raajaa tumahii se  	 cholii dhulawaa ke chhoduu 	chunarii rangawaa ke chhoduu  2 	angiyaa bandhawaa ke chhoduu 2 	raajaa raajaa 	tumahii se lagiyaa lagaay 	inake jaat morii dhobaniyaa 	raajaa tumahii se lagiyaa lagaay 	inake jaat morii dhobaniyaa  sa 	galle tohe bhar daiin mere 	bhar daiin mere 2 	mere ke mohe ghir jaibe re 	ghir jaibe re 	beimanawaa 	kaahe ko mohe chhere re beimanawaa 	kaahe ko mohe chhere 
suhaag kii raat aaii sajanii,adhikaar,1938,pahari sanyal,timir baran,munshi arzoo rasheed,     suhaag kii raat aaii sajanii kaahe bhare tore nainaa 2 suhaag kii raat  aangan men toraa chaand hansat hai 2 pawan rachat madhu bain sajanii 2 kaahe bhare tore nainaa suhaag kii raat aaii sajanii kaahe bhare tore nainaa suhaag kii raat  phaagun men chit hot udaasii waahii ke sun bainaa 2 sohii kaaran bhii udaasii dhar naa rai more nainaa haan sohii kaaran bhii udaasii dhar naa rai more nainaa sajanii dhar naa rai more nainaa suhaag kii raat aaii sajanii kaahe bhare tore nainaa suhaag kii raat  saajan tohe aan pukaare kaahe ghuunghat kaadhe 2 ankhiyan men sakhii kaajar phero 2 aan baso more nain suhaag kii raat aaii sajanii kaahe bhare tore nainaa suhaag kii raat 
mat bhuul musaafir tujhe jaanaa hii padegaa,devdaas,1935,k c dey,timir baran,kedar sharma,     devadaas tum kyaa sachmuch mujhe chhod kar jaa rahe ho  devadaas tum nahiin jaaoge nahiin nahiin main nahiin jaauungaa  aa mat bhuul musaafir tujhe jaanaa hii padegaa 3  phulawaarii jab phuul khile to phuulii nahiin samaatii hai apaniiapanii sundarataa par kaliikalii itaraatii hai shabanam hai jo roro kar shabanam hai jo roro kar har phuul ko ye samajhaatii hai  mat bhuul musaafir tujhe jaanaa hii padegaa mat bhuul musaafir  ek musaafirakhaanaa hai duniyaa ek musaafirakhaanaa hai 2 mohjaal men phans kar muurakh mohjaal men phans kar muurakh phir paachhe pachhataanaa hai gaafil ek din sabako yahaan se itanaa sah kar jaanaa hai 2 afasos naa jaanaa thaa ke jaanaa hii padegaa mat bhuul musaafir tujhe jaanaa hii padegaa 
terii gatharii men laagaa chor,dhoop chhaaon bhagya chakra,1935,k c dey,r c boral,pt sudarshan, terii gatharii men laagaa chor musaafir jaag zaraa jaag zaraa terii gatharii men laagaa chor musaafir jaag zaraa    musaafir jaag zaraa terii gatharii  threedots  aaja zaraa saa fitanaa hai ye tuu kahataa hai kitanaa hai ye    do din men ye badhakara hogaa munhphat aur munhzor   musaafir jaag zaraa terii gatharii  threedots  niinda men maala ganvaa baithegaa  apanaa aapa lutaa baithegaa phira piichhe kuchh nahiin banegaa    laakh machaaye shor musaafir jaag zaraa terii gatharii  threedots
prem kii ho jayjay jiiwan hai ab sukhamay,chandidaas,1934,saigal uma shashi pahadi sanyal,r c boral,aga h kashmiri,  prem kii ho jayjay jiiwan hai ab sukhamay bhaag o aao jag khoyaa gan paayaa  2   aashaa ke phuul khile hiraday se hiraday mile  2 ek hai praan do kaayaa 2  u 	 byog kii raat kii bhor bhaii phir 	sury ne diip dikhaayaa  2  	milan kaa shubh din aayaa 2   prem ne man kii gangaajamunaa ko sukhsangam pe milaayaa  2  dhanydhany wo rachanaa jisane prem kaa nit gun gaayaa  2  prem kii ho jayjay jiiwan hai ab sukhamay bhaag o aao jag khoyaa gan paayaa 
kyuun nainan se niir bahaae,toofaani toli reckless rogues,1937,waheedan bai,gyan dutt,p l santoshi,  kyuun nainan se niir bahaae kyuun nainan se niir  dekh hansegii duniyaa saarii bujh na sakegii piir  pagalii aaj bhulaa de man se saarii biitii baaten jinamen tuune sukh dekhaa thaa vah sapane kii baaten sapanaa kab ho sach paayaa hai yahii samajh rakh dhiir kyuun nainan se threedots  aankhon ke andar aansuu kii nadiyaa ek bahaa le naam piyaa kaa japatejapate sajanii kuub nahaa le hansate hue dubaa de isamen apanii saarii piir muurakh kyuun nainan se threedots 
roshan hai tere dam se duniyaa kaa pariikaanaa,devdaas,1935,pahari sanyal,timir baran,kedar sharma,     roshan hai tere dam se duniyaa kaa pariikaanaa 3 allaah tujhe rakhe o jalawaa re jaanaanaa 2 roshan hai tere dam se duniyaa kaa pariikaanaa roshan hai tere dam se  kyaa jalawaagarii hai ye o mast nazar waale 2 paimaane ke andar hai mayakaane kaa mayakaanaa 2  roshan hai tere dam se duniyaa kaa pariikaanaa roshan hai tere dam se  zaahid ke taassub se sab qafr kaa barapaa hai 2 varanaa butakaane men kaabaa hai kaabe men hai butakaanaa 2  roshan hai tere dam se duniyaa kaa pariikaanaa roshan hai tere dam se 
tumhiin ne mujhako prem sikhaayaa,manmohan,1936,surendra nath bibbo,ashok ghosh anil biswas,zia sarhadi, su 	tumhiin ne mujhako bi 	main andar aa sakatii huun su 	prem sikhaayaa  	tumhiin ne mujhako prem sikhaayaa 	soye huye hiraday ko jagaayaa  bi 	main kahatii huun main andar aa sakatii huun  su 	ek naii duniyaa men basaayaa bi 	ek naii duniyaa men basaayaa su 	mast banaayaa ruup dikhaayaa bi 	mast banaayaa ruup dikhaayaa su 	tumhiin ho ruupsingaar baalam bi 	tumhiin ho ruupsingaar baalam do 	tumhiin ho ruupsingaar baalam 	tumhiin ho ruupsingaar  	tumhiin ne mujhako prem sikhaayaa 	soye huye hiraday ko jagaayaa 2 
bharane de mohe niir,izzat,1937,ashok kumar devika rani,saraswati devi,j s kashyap natawa,  de 	bharane de mohe niir 3 	 hat chhaad dagar 	morii dhiith langar 	phuutii jaat gagar 	naahiin mose jhagar  2 	bharane de mohe niir 3  a 	 badii niir bharan vaari 	aaii braj naari 	baaribaari matavaarii  2 de 	morii dori na pakar  	bharane de mohe niir 3  	hat kaanh muraarii 	nahiin tohe duungii gaarii a 	badii gaarii dene vaarii 	dekhuun de to sahii gaarii de 	natakhat a 	chal hat de 	panaghat a 	jhatapat de 	 hat chhod dagar 	bharane de mohe 	bharane de mohe niir  2 	bharane de mohe niir 2 
more anganaa men aaye aalii main chaal chaluun matawaalii,vidyapati,1937,kanan devi,r c boral,kedar sharma,      anganaa men aaye aalii main chaal chaluun matawaalii  2 anganaa men aaye aa  ai sunatii ho sunosuno un un mujhase kah rahe hain haan ye kaise giit gaa rahii hai kyuun jii ye to bade achchhe giit hain achchhe giit hain raadhaakishan ke prem ke giit hain raadhaakishan ke prem ke giit hain sunaao to suniyegaa baithiye baithiye aaiiye baithiye uh uh uh uh uh ah ha ha ha ha ha suniye raadhikaa apanii sahelii se kah rahii hai ke jab shrii krishn  more anganaa men aaye aalii main chaal chaluun matawaalii anganaa men aaye aa   jab aanchal hamaraa pakade ham hanshans unase bache   2 cholii pe najariyaa aa jaaye cholii pe najariyaa jaaye morii chunarii lipat mose jaaye haan haan chunarii lipat mose  bas bas rahane do tum mithilaa kii bahuubetiyon kaa satyaanaas karake chhodogii cholii pe uf  jii zaraa sun to liijiye aur kyaa ab bhii kuchh baakii hai hum   wo aur badhen more paiyaan paden kahen maano baat hamaarii  2  main aah bharuun mukh pher kahuun 2 nahiin maanuungii baat tehaarii haan nahiin maanuungii baat tehaarii nahiin maanuungii baat tehaarii tehaarii nahiin maanuungii baat tohaarii haan nahiin maanuungii baat tehaarii tumhaarii 
yuun dard bhare dil kii awaaz sunaayenge,kapal kundala,1938,pankaj mullick,pankaj mullick,arzoo, yuun dard bhare dil kii aawaaz sunaayenge bedard ke dil ko bhii hamadard banaayenge  gangaa se mile jamanaa aur mil ke bahen donon haan hogaa agar aansuu saaqiir dikhaayenge  ai aarzauu aap aa kar jo de gaye yaad apanii ab koii bulaaye bhii to paar ko aayenge 
yaad terii aaii hai kaalii ghataa chhaaii hai,nadi kinaare on the river,1939,gyan dutt,gyan dutt,,  yaad terii aaii hai kaalii ghataa chhaaii hai more sajanavaa aajaa  chalii pachchhim kii havaa thes lagii dil men huaa dard savaa ab bhii na aaen sanam to donon kii rusavaaii hai yaad terii aaii threedots  aramaan bharaa dil hai tarasaaii huiin ankhiyaan aankhon men samaaii hain sharamaaii huiin ankhiyaan yaad terii aaii threedots 
naa koii prem kaa rog lagaaye,president,1937,k l saigal,pankaj mallick,unknown, naa koii prem kaa rog lagaaye 4  paapii angang rach jaaye 2  naa koii prem kaa rog lagaaye  prem kaa rog lagaaye   premii ke is bholepan par  sab duniyaa muskaaye  roop ke jis ko man men rakh kar  aag se aag bujhaaye  naa koii prem kaa rog lagaaye threedots   galii galii priitam ko dhuundhe  jag se aankh bachaaye  man men jii bharbhar ke roye  aankhon men muskaaye  naa koii prem kaa rog lagaaye threedots   
kyuun hamane diyaa dil,vatan,1938,sitara,anil biswas,wajahat mirza,  kyuun hamane diyaa dil  thaa kisakaa ishaaraa aur kisane kahaa thaa ab tumase kahen kyaa kyuun hamane diyaa dil  vo kvaab men aanaa dil meraa churaanaa aur kah ke ye jaanaa kyuun kaisaa liyaa dil  paravaanaa na jalataa kyuun sholaa jalaataa phir isakaa gilaa kyaa kaahe ko diyaa dil 
kudaa rakkhe aabaad jiivan tumahaaraa,toofaani taarzan,1937,ahmad dilawar,master mohammed,pt gyan, kudaa rakkhe aabaad jiivan tumahaaraa haan ho jaae amar  gulshan tumaharaa  milaa jo naa bastii men ban men vo paayaa khilaa hai ummidon kaa gulshan tumhaaraa  muhabbat se jangal men mangal banaa do bharaa hai muraadon se daaman tumahaaraa  chalaa kaaravaan kush rahoo bulabulo tum phale phuule haradam ye gulshan tumahaaraa  kush raho kush raho kush raho
song of life in the worlds broadfield of battle,duniya na maane the unexpected,1937,shanta apte,keshavrao bhole,h w longfellow,  comments the film duniya na manne was also made in in the bivouac of life be not dumb driven cattle be a hero in the strife  let us then be up and doing with a heart for any fate still achieving still pursuing learn to labor and to wait  not enjoyment and not sorrow is our destined end or way but to act that each tomorrow find us farther than today  let us then be up and doing threedots  we can make our lives sublime and departing leave behind us footprints on the sands of time  footprints that perhaps another sailing oer lifes solemn main a forlorn and shipwrecked brother seeing shall take heart again  let us then be up and doing threedots
raajaa toraa paniyaan hamase na bharaa jaay re,zehree saanp,1933,jehanara kajjan,brajlal verma,pt narayan prasad betab,  raajaa toraa paniyaan hamase na bharaa jaay re  baalii umariyaa sar pe gagariyaa patalii kamariyaa tiintiin bal khaay re raajaa toraa paniyaan threedots  kaise bharuun main jhukjhuk paanii ai rii sakhii morii uthatii javaanii cholii nigodii morii ang naa samaay re raajaa toraa paniyaan threedots 
piyaa bin naahiin aavat chainaa,devdaas,1935,saigal,timir baran,kedar sharma,     piyaa bin naa bin naa hiin aavat chainaa  piyaa bin naa naahiin aavat chainaa  kaase kahuun jii ke bainaa kaa se kahuun jii ke bainaa  piyaa bin naa aahiin aavat chainaa   kaa se kahuun jii ke bainaa piyaa binaa naahiin aavat chainaa 
terii dayaa se ai dayii,nartaki,1939,pankaj,pankaj mullick,pt bhushan, terii dayaa se ai dayii aaj muraad mil gayii man kii nadii men aayii baad mauj uthii naii naii  chaman hans rahaa hai bahaar aa rahii hai har ek khilatii konpal bikasatii kalii hai hawaa mast hai aur gul khil rahe hain jidhar aankh uthaao kushii hii kushii hai  honthon pe aa gayii hansii dil kii kalii bhii khil gayii aaj muraad mil gayii aaj muraad mil gayii  
piyaamilan ko jaat huun,vidyapati,1937,k c dey pahari sanyal kanan devi k c dey,r c boral,kedar sharma,     pa 	piyaamilan ko jaat huun sajdhaj siish gundhaay 2 	 log kahat main baanwarii sab jag hansii udaay 	sab jag hansii udaay  2 	 kaa 	wo kyaa jaane 	jo marane se ghabaraaye 	wo kyaa jaane prem kii dhun 	jo marane se ghabaraaye  o mahaaraaj aap abhii tak khade hain puujaa kii tayyaarii nahiin hogii tumhen kyon kar maaluum huaa ki puujaa kii tayyaarii karanii hogii kuub itane dinon se main isii ghadii kaa intazaar kar rahii thii main jaanatii thii ki wo din aayegaa jab aapake raajaa aur merii raanii ek saath kahenge puujaa kii tayyaarii karo is puujaa ke liye mandir men mujhe bhii le chalo anuraadhaa chalo madhusuudan daadaa anuraadhaa utho sandhyaa hote hii prediip jalegaa devadaasii nritya karengii tum giit gaaoge bhagawaan jaag uthenge bhakton ko dekh kar muskaraayenge  	 	 	girataa hai 2 	naadaan sambhal 2 	kyuun girataa hai 2 	jag kii maayaa 2 	phenk rahii hai 	 	jag kii maayaa 	 pa 	lo priit kii jiit hai jiitaa jag 2 	jo bichhade the wo mil jaayen kaa 	lo priit kii jiit hai jiitaa jag 2 	jo bichhade the wo mil jaayen pa 	tuu tuu na rahe kaa 	main main na rahuun do 	tuu tuu na rahe main main na rahuun 	kuchh aise ham ghulmil jaayen 	tuu tuu na rahe main main na rahuun 2 pa 	kuchh aise ham ghulmil jaayen 
jalate hain aramaan meraa dil rotaa hai,anaarkali,1935,noorjehan,hussain,saif, katatii nahiin hai gam kii raat aake thahar gayii hai kyaa niind to khair kho gayii maut bhii mar gayii hai kyaa   jalate hain aramaan meraa dil rotaa hai kismat ka dasatuur niraalaa hotaa hai threedots 2   kaun mere tuute dil ki fariyaad sunii kaun sunii kaun mere tuute dil ki fariyaad sunii aaj merii taqadiir kaa maalik sotaa hai kismat ka dasatuur niraala hotaa hai jalate hain aramaan meraa dil rotaa hai kismat ka dasatuur niraala hotaa hai   haay aise mauj se saahil chhuut gayaa chhuut gayaa   haay aise mauj se saahil chhuut gayaa varanaa apanii kashtii kaun dubotaa hai kismat ka dasatuur niraala hotaa hai jalate hain aramaan meraa dil rotaa hai kismat ka dasatuur niraala hotaa hai 
main tere gale kii maalaa,gramophone singer,1938,surendra nath bibbo,anil biswas,zia sarhadi, su 	main tere gale kii maalaa 6  bi 	tuu saagar main sariitaa 2 	tuu kavi main kaviitaa 	tuu saagar main sariitaa 	tuu kavi main kaviitaa  su 	tuu merii nazar kii jwaalaa 	 tuu merii nazar kii jwaalaa 	main tere gale kii maalaa  2  bi 	main tere gale kii maalaa 2 do 	main tere gale kii maalaa 2  su 	diipak ban sansaar jalaa de 2 	aag lagaa de aag lagaa de 2 	diipak ban sansaar jalaa de 2  bi 	hans aur hans kar prem sikhaa de 2 	prem sikhaane waalaa 	tuu prem sikhaane waalaa 	main tere gale kii maalaa 2 su 	main tere gale kii maalaa 2 do 	main tere gale kii maalaa 2 
main man kii baat bataauun,dhartimata,1938,saigal uma shashi,pankaj mullick,pt sudarshan, u  man kii baat bataauun      main man kii baat bataauun     kyaakyaa baat uthat man more 2     sab kah kar samajhaauun     main man kii baat bataauun      phuul banuun 2     phuulan ang mahakuun bansii banakar gaauun     param puniit prabhaat banuun main jaaguun aur jagaauun     nipat suhaanii dhuup banuun main jaaguun aur jagaauun     main man kii baat bataauun      jaag banuun aakaash sajaauun taare roz jalaauun     lahar banuun pal pal laharaauun baadal ban jag chhaauun 2 s  tuu baadal kaa ruup bane main chaatak ruup dhar aauun 2     suukhaa pyaasaa khet banuun main 2 pal pal tujhe bulaauun     main man kii baat bataauun 2      miithaa giit banuun jharane kaa nit nit sunat suhaauun 2     aashaa kaa sapanaa banakar 2 man tuute jod dikhaauun     main man kii baat bataauun 2
chhalake ras kii gagariyaa bhaarii,ek hi raasta the only way,1939,anil biswas wahidan,anil biswas,pandit indra,      wahidan  chhalake ras kii gagariyaa bhaarii main matawaarii panihaarii mohe bhuul gaye banawaarii kunjan men kunjabihaarii  a  hai bharaa huaa dil sajanii  kyuun jhuuthii baat banaaye wa  ab kaun tumhen samajhaaye a  tore gaal laaj se laal  bhaal par bindiyaa musakaaye wa  baalam torii najar naa lag jaaye a  raslat gholii pyaarii 
raadhe raadhe banshii rahii pukaar,kangan,1939,arun kumar,saraswati devi,pt narottam vyas,      raadhe raadhe banshii rahii pukaar 2 mathuraa jaate nand kumaar 2 raadhe raadhe banshii rahii pukaar 2  bansiibat par jamunaatat par 2 rahe wo baat nihaar kaanhaa rahe wo baat nihaar milane jaat piyaa se milane milane aakhirii baar raadhe yahii aakhirii baar 2 raadhe yahii 
na aayaa man kaa miit umariyaa biit gaii saarii,devdaas,1935,k c dey,timir baran,kedar sharma,     na aayaa man kaa miit umariyaa biit gaii saarii 2 umariyaa biit na aayaa man kaa miit umariyaa biit gaii saarii umariyaa biit  aahat paa kar koii la raahii  kahate hain logo aate hain 2 dhokhaa khaane waale nayanaa haradam dhokhaa khaate hain re dhokhaa khaane waale nayanaa haradam dhokhaa khaate hain aashaa aur niraashaa men is aashaa aur niraashaa men sab rahii umariyaa biit  na aayaa man kaa miit umariyaa biit gaii saarii umariyaa biit  tum kaun ho paaravatii kush raho  naahiin padat mohe piir na chainaa pii ke daras ko tarasat nai naaaa  naahiin padat mohe piir na chainaa pii ke daras ko tarasat nainaa  2  palpal chhinchhin dhalatedhalate palpal chhinchhin dhalatedhalate gaii umariyaa biit  na aayaa man kaa miit 
jag maa hii jugjug jiyo,pukaar,1939,female voice,mir sahab,kamal amrohi,      jag maa hii jugjug jiyo jiyo sadaa tum naam  jiyo sadaa tum naam sadaa tum suphal rahe har kaam  2  jag maa hii jugjug jiyo jiyo sadaa tum naam 
ek bangalaa bane nyaaraa,president,1937,saigal,r c boral,, ek bangalaa bane nyaaraa rahe kumba jis men saaraa  sone kaa bangalaa chandan kaa jangalaa vishvakarmaa ke dvaare ati sundar pyaaraa pyaaraa ek bangalaa threedots  itanaa uunchaa bangalaa ho ye maano gagan kaa taaraa 	 3 jis pe chadh ke indradhanushh par jhuulaa jhuule chaand hamaaraa bhandaar hoye lachhamii ke haathon men saaraa paae ab jii bhar ke sukh jisane bipat uthaaii 
jaavojaavo e mere saadhuu raho guruu ke sang,pooran bhagat,1933,k c dey,r c boral,,  aa jaavojaavo e mere saadhuu raho guruu ke sang 2  solah baras par aaye the ik din shaant rahe ham log 2 ab phir chhod chale ham sabako 2 kaho ye kaun hai dhang jaavojaavo e mere saadhuu raho guruu ke sang 2  jitanii duur bhii jaao rahoge hiraday hii ke samiip 2 aise hii tum har ik yug men 2 badalo har ik rang jaavojaavo e mere saadhuu raho guruu ke sang 2  jaavo parameshwar ko bhajate karo bhalaaii sabakii 2 sab sansaarii jud jaayenge 2 puuran naam ke sang jaavojaavo e mere saadhuu raho guruu ke sang 2  solah baras par aaye the ik din shaant rahe ham log 2 ab phir chhod chale ham sabako kaho ye kaun hai dhang jaavojaavo e mere saadhuu raho guruu ke sang 
kahaan wo bachapan kaa pyaaraa sapanaa,adhikaar,1938,pahari sanyal pankaj mullick,timir baran,munshi arzoo rasheed,     kahaan wo bachapan kaa pyaaraa sapanaa 2 swarg bharii wo prem kii rainaa 2 kahaan wo bachapan kaa pyaaraa sapanaa   bagiyan men miljul ke jaanaa phuulon kaa wo mahal banaanaa  2 dulhaadulhan ban byaah rachaanaa 2 aanchal dhal ko jan men phiranaa pyaaraa sapanaa kahaan wo bachapan kaa pyaaraa sapanaa   haay achaanak huaa saveraa jag maayaa ne man ko gheraa  2 ujad gayaa wo rain baseraa 2 tuut gayaa hanson kaa dainaa 2 kahaan wo bachapan kaa pyaaraa sapanaa   swarg bharii wo prem kii rainaa 2 kahaan wo bachapan kaa pyaaraa sapanaa   ab wo din hain na prem kii raaten yaad magar hain pyaar kii baaten  2 man lene kii bholii ghaaten 2 laaj bhare tore do nainaa 2 pyaaraa sapanaa 
lelo lelo lelo koii gajaraa lelo,dharmaveer,1937,ratnaprabha,annasaheb mainkar,, lelo lelo lelo koii gajaraa lelo raajaajii kii maalan aayii laayii champaa kii maalaa  juuhii mogaraa belaa gulaab ye alabelaa ye joban mastaanii dekho raat kii raanii in kaliyon men daalii kin gaalon kii laalii  phuul churaaye khuub sabere bhanware ruuthe hain mujhase  ye taajaa haar chamelii kaa shringaar hai naar navelii kaa jo ruuth gayii ho chandramukhii to le jaao ye suuryamukhii
ambuuvaa kii daaliidaalii jhuum rahii hai aalii,vidyapati,1937,kanan devi dhumi khan,r c boral,kedar sharma,  kaa 	 ambuuvaa kii daaliidaalii 	jhuum rahii hai aalii  2  dhu 	 main pii kar mad kii pyaalii 	yuun chaal chaluun matawaalii  2  kaa 	 ambuuvaa kii daaliidaalii 	jhuum rahii hai aalii  2 	matawaalii 3  dhu 	matawaalii 3 	main chaal chaluun matawaalii kaa 	main chaal chaluun matawaalii dhu 	daraa dar dar dar dar dar da kaa 	daraa dar dar dar dar dar da 	more anganaa men aaye aaliiaalii 	main chaal chaluun matawaalii  	jhuum rahii hai aalii 	ambuuvaa kii daalii 	jhuum rahii hai aalii 	ambuuvaa kii daalii 	 ambuuvaa kii daaliidaalii 	jhuum rahii hai aalii  2  do 	matawaalii 3 	matawaalii 3 	main chaal chaluun matawaalii 2 	more anganaa men aaye aaliiaalii 	main chaal chaluun matawaalii 	jhuum rahii hai aalii 	ambuuvaa kii daalii 	jhuum rahii hai aalii 	ambuuvaa kii daalii 	ambuuvaa kii daaliidaalii 	jhuum rahii hai aalii 
ai dardedil kisii din honaa judaa na hamase,raadharaani divine lady,1932,gauhar sultaana,jhande khan,pt narayan prasad betab,  ai dardedil kisii din honaa judaa na hamase aabaad yah makaan hai tere jii damqadam se  ham gamazadon kaa ronaa duniyaa ko ik hansii hai haan ashqekuun sambhalanaa giranaa na chashmenam se  ai hasaraton hato bhii ho lii mizaajpurasii ham haaledil kahenge fursat milii jo gam se  betaab is jahaan men koii nahiin kisii kaa dete hain ab dikhaaii apane hii mujhako zam  se 
kis na ye sab khel rachaayaa,dhartimata,1938,saigal,pankaj mullick,pt sudarshan, kis na kis na kis na yah sab khel rachaayaa kis na yah sab saaj sajaayaa apane aap sabhii kuchh karake apanaa aap chhupaayaa apanaa aap chhupaayaa kis na  komal komal pyaare paudhe 2 dhaanpaan matavaare paudhe inake uupar aakar chhidakii rangruup kii maayaa 2 apane aap sabhii kuchh karake apanaa aap chhupaayaa apanaa aap chhupaayaa kis na  andhere men sote the ye bilakul besudh hote the ye 2 niind kurii ke madamaaton ko niind se aan jagaayaa 2 apane aap sabhii kuchh karake apanaa aap chhupaayaa apanaa aap chhupaayaa kis na  haraabharaa gulazaar khilaa hai sarason kaa sansaar khilaa hai dekhdekh man men sukh hovat akhiyan nuur samaayaa 2 apane aap sabhii kuchh karake apanaa aap chhupaayaa apanaa aap chhupaayaa kis na  kis na
kitaabedard men likhaa mere gam kaa fasaanaa hai,sultaana,1934,akbar khan durrani peshawari,mushtaq ahmed bareli wale,,     kitaabedard men likhaa mere gam kaa fasaanaa hai bakuureyaasohasarat se bharaa dil kaa kazaanaa hai kitaabedard men li  na ek lamhaa haa bhii jaa laayaa kabhii is darefaanii men 2 milaa mauqaa jise mujhako banaataa wo nishaanaa hai kitaabedard men likhaa mere gam kaa fasaanaa hai bakuureyaasohas  umiiden mit mit gaiin saarii falaq ki ye bhii zariibii se hai 2 jise apanaa samajhataa thaa huaa wo bhii begaanaa hai kitaabedard men likhaa mere gam kaa fasaanaa hai kitaabedard men likhaa 
kaun des hai jaanaa baabuu kaun des hai jaanaa,mukti,1937,pankaj mullick,pankaj mullick,,   kaun des hai jaanaa baabuu kaun des hai jaanaa  2 khadekhade kyaa soch rahaa hai 2 huaa kahaan se aanaa kaun des hai jaanaa baabuu kaun des hai jaanaa kaun des hai jaanaa baabuu   suuraj duubaa chaand na nikalaa  suuraj duubaa chaand na nikalaa biitaa samaan suhaanaa  2 raah andherii baat na chhuute samajh ke qadam uthaanaa  kaun des hai jaanaa baabuu kaun des hai jaanaa  2  saathii aawanjaawan yahii sunaatii gaanaa 2 jiitejii hai chalanaa phiranaa 2 mare to ek thikaanaa 2  kaun des hai jaanaa baabuu kaun des hai jaanaa  2 
de de kudaa ke naam pe pyaare,aalam aara,1931,wazir muhammad khan,ferozeshah mistri  b irani,, de de kudaa ke naam pe pyaare taakat ho gar dene kii kuchh chaahe agar to maang le mujhase himmat ho gar lene kii
pujaarii more mandir men aao,jaagirdaar,1937,surendra bibbo,anil biswas,pt indra, bibbo pujaarii more mandir men aao nainnon kii gangaa jamunaa men saajan aao nahaao  surendra prem dev kii karo aaratii sneh sudhaa barasaao dil ke taaron par sajanii tum diipak raag sunaao   donon pujaarii more mandir men aao   surendra pujaarii more mandir men aao  bibbo bachapan ruuth gayo kyuun mose koii ye batalaao joban ruuth na jaaye baalam aisii raah bataao   donon pujaarii more mandir men aao   bibbo pujaarii more mandir men aao  surendra chandragrahan hai chandramukhii tum aao yahaan chhup jaao ruupsudhaa kii mast pyaalii piio aur pilaao   donon pujaarii more mandir men aao   donon pujaarii more mandir men aao
mujhe mil jaayegii unakii dagariyaa,ek hi rasta,1939,anil biswas wahidan,anil biswas,pt indra,  anil   mujhe mil jaayegii unakii dagariyaa kaahe ghirghir aaye badariyaa  anil   chaahe panchhii na bole chaahe chandramaa aankh na khole unhen dhuundh nikaalegii hamarii najariyaa  wahidan  dwaar nayaa chhat nayii nayaa ghar ghar kaa sab saamaan nayaa phir bhii sakhii kahii tikatii nahiin hai vyaakul hamarii najariyaa  donon  mujhe mil jaayegii  threedots
naa pii kii nagariyaa aaye hai,devdaas,1935,pahari sanyal,timir baran,kedar sharma,     naa aaye hai naa pii kii nagariyaa aaye hai naa chain karejawaa paaye hai 2 naa ek najariyaa aaye hai naa pii kii nagariyaa aaye hain  rain andherii rasataa duur thak kar huaa musaafir chuur   rain andherii rasataa duur haan rain andherii rasataa duur thak kar huaa musaafir chuur 2 dhiiredhiire teraa jiivan haan haan dhiiredhiire teraa jiivandiipak bujhataa jaaye hai  naa pii kii nagariyaa aaye hai 2 
bande naav kaa langar chod,kangan,1939,arun kumar,ramchandra pal,pt narottam vyas,     bande naav kaa langar chod naav kaa langar chod bande naav kaa langar chod umadii terii nain kii nadiyaa naav kaa langar chod 2  naa koii teraa sangiisaathii phir bhii balatii jiiwanbaatii chalanaa ho to chal re ikale mil jaaye to usase mil le jisane tujhase ghar chhudawaayaa ghar ko tere tod naav kaa langar chod 
shaalaa jawaaniyaan maanen,gulebakawali punjabifilm,1939,noorjehan,ghulam haider,wali sahab,   shaalaa jawaaniyaan maanen shaalaa jawaaniyaan maanen akhaa naa modiin pii lai akhaa naa modiin pii lai pii lai  2 shaalaa jawaaniyaan maanen    akhiyaan wich akhiyaan paa ke taubaa nuun phaaii laa ke  2 pighalii huii jannat pii jaa 2 kaliyaan dii asamat pii jaa 2 jii lai dochaar dihaade jii lai jii lai dochaar dihaade jii lai jii lai shaalaa jawaaniyaan maanen   shaalaa jawaaniyaan maanen akhaa naa modiin pii lai akhaa naa modiin pii lai pii lai shaalaa jawaaniyaan maanen   pagale munhzor jawaanii mudmud ke hath naiin aanii  2 saaqii ton phad paimaanaa 2 pii lai saramast zawaanaa jii lai dochaar dihaade jii lai jii lai dochaar dihaade jii lai jii lai shaalaa jawaaniyaan maanen  shaalaa jawaaniyaan maanen akhaa naa modiin pii lai akhaa naa modiin pii lai pii lai shaalaa jawaaniyaan maanen
bhaaii ham paradesii log hamen kaun jaane,ek hi raastaa,1939,anil biswas,anil biswas,pt indra, bhaaii ham paradesii log hamen kaun jaane o bhaaii ham paradesii log hamen kaun jaane naa koii apanaa naa koii apanii sabhii paraaye log hamen kaun pahachaane re bhaaii ham paradesii log hamen kaun pahachaane re bhaaii ham paradesii log threedots  kud hii rijhaaen kud man jaaen chaahe ramaayen jog chaahe bane diivaane re bhaaii ham paradesii log threedots  sab se milate phir bhii akele apane dil kaa rog koii kyaa jaane re bhaaii ham paradesii log threedots  naa koii apanaa naa koii apanii sabhii paraaye log hamen kaun pahachaane re bhaaii ham paradesii log hamen kaun pahachaane re bhaaii ham paradesii log threedots
barakhaa kii raat aaii manavaa,adhikar,1938,pankaj mullick,timir baran,munshi arzoo,  barakhaa kii raat aaii manavaa kar le man kaa baat garajat sankat kaa badaravaa duhkh kii padat phuhaar manavaa kar le man kaa baat threedots   kaarii rainaa naagin achakaae jiyaaraa dekh daraae meghaa garaje jiyaaraa laraje kholo man kaa dvaar manavaa kar le man laa baat threedots   nainan se nainaa muskaaye chhaaye jagat ujiyaaraa man men jhar jhar amrit barase jaisa saavan kii phuhaar manavaa kar le man kaa baat threedots   aao barakhaa rut men bole byaakul man ke bain chhod jagat kii ultii riiti jhuuthaa hai sansaar manavaa kar le ma kaa baat threedots  endindian
prem kaa hai is jag men,president,1937,saigal,r c boral,, prem kaa hai is jag men panth niraalaa prem to hai is duniyaa men kaaran duhkh kaa premii ko hotaa hai anubhav sukh kaa shiital pavan hai usako prem kii jvaalaa 2 prem kaa hai is jag men panth niraalaa  prem japan kii jag men riit hai nyaarii asuvan ke manakon par prem pujaarii roro kar japataa hai prem kii maalaa 2 prem kaa hai is jag men panth niraalaa  paagal premii ab tuu kyon rotaa hai prem kaa to aisaa hii phal hotaa hai 2 pahale kaahe na tuune dekhaabhaalaa 3
sanwariyaa prem kii bansii sunaa,street singer,1938,saigal kanan devi saigal,rai chand boral,aarzoo lakhnawi,  sai 	sanwariyaa prem kii bansii sunaa kaa 	pataliipatalii zaraa sii banasii 	badebade gun gaaye 	saat suron ke pher badal se 	saare raag bajaaye 	sanwariyaa prem kii banasii sunaa do 	sanwariyaa prem kii bansii sunaa  sai 	niramohii ko ruup dikhaaye 	mohii ko tarasaaye 	munh par daal ke kaalii kamaliyaa 	din ko raat banaaye do 	sanvariyaa prem kii bansii sunaa 2   aap to priit kii riit na jaane aur ko priit sikhaaye pyaar men maare baan najar kaa aankh kaa chakr ghumaaye  kaa 	man ke dhyaan se rajadhaa raanii 	lambii daud lagaaye sai 	man ke dhyaan se rajadhaaraanii 	lambii daud lagaaye kaa 	mathuraa se 	mathuraa se gokul tak jaaye 	darashan kar laut aaye sai 	mathuraa se gokul tak jaaye 	darashan kar laut aaye do 	laut aaye phir jaaye 4 	banasii sunaaye 3  sai 	bansii sunaaye kaa 	banasii sunaaye 
tum bin naiyaa morii kaun taraave,swarag ki sidhi sati vimla,1935,umrazia begum,gulam haider,wali sahib,     tum bin naiyaa morii kaun taraave 2 raamraamraam tum bin nahiin chale  tum bin naiyaa morii kaun taraave aavoaavo diinabandhu duubat bachaavo 2 naiyaa morii bhavsaagar se paar lagaavo  tum bin naiyaa morii kaun taraave raamraamraam  
pinjare de vich qaid jawaanii,gulebakawali punjabifilm,1939,noorjehan,ghulam haider,wali sahab, pinjare de vich qaid jawaanii pinjarea de vich qaid jawaanii mastaanii qaid jawaanii4 mastaanii  pinjare de vich qaid jawaanii aape hasanaa aape ronaa2 aape hanjuaan haar paronaa aape kainii aape sunanii2 hanjuaan bharii kahaanii2 pinjare dea vich qaid jawaanii2 mastaanii  haae jawaanii mastaanii tuun vii rogii main vii rogan ik duuje di piid vandaaiiye2 kalleyaan baike dil diyaan lagiyaan hanjuaan naal bujhaaiiye2 ag vich gede paanii pinjare dea vich qaid jawaanii2 mastaanii 
raadhe raanii de daaro naa bansarii morii re,pooran bhagat,1933,saigal,r c boral,,  raadhe raanii de daaro naa 2 bansarii morii re raadhe raanii de daaro naa bansarii morii re raam raadhe raanii de daaro naa bansarii morii re  raadhe raanii de daaro naa bansarii morii   kaahe se bajaauun raadhe kaahe se main gaauun re  3 kaahe se main laavuun gainyaan 2  haan re kaahe se main laavuun gainyaan  2 terii re  raadhe raanii de daaro naa 2 bansarii morii   mukh se bajaavo taanaa kanth se gaavo re  3 lathiyaa se laavo gainyaan 2 haan re lathiyaa se laavo gainyaan merii re  raadhe raanii de daaro naa 2 bansarii morii  yaa bansii men more praan basat hain 2 vaahii bansii re gaii haan re  vaahii bansii re gaii 2 chorii re  raadhe raanii de daaro naa raadhe pyaarii de daaro naa bansarii morii re raadhe raanii de daaro naa bansarii morii
saanwar waalaa vahii re saanwar jiyaraa re jaraaye,pukaar,1939,naseem sardar akhtar,mir sahab,kamal amrohi,     	saanwar waalaa 2 	 	vahii re saanwar jiyaraa re jaraaye 2 	saanwar waalaa 	vahii re saanwar jiyaraa re jaraaye 	saanwar waalaa 	 	baingan tore gai thii raamaa 2 	phansii re baingan bhadiyaa re 2 	saanwar waalaa  	vahii re saanwar jiyaraa re jaraaye 2 	saanwar waalaa 	vahii re saanwar jiyaraa re jaraaye 	saanwar waalaa 	 	dil tuute par phal aile 2 	pad gaii lai jaa kaa kii najariyaa 2 	saanwar waalaa  	vahii re saanwar jiyaraa re jaraaye 2 	saanwar waalaa 	vahii re saanwar jiyaraa re jaraaye 	saanwar waalaa 	 	koii tohare phal naa le jaa 3 	wohii na sundar phal na le jaa 2 	le jaa re 	saanwar waalaa 	 	vahii re saanwar jiyaraa re jaraaye 2 	 saanwar waalaa 	vahii re saanwar jiyaraa re jaraaye  2 
karuun kyaa aas niraas bhaii,dushman,1939,saigal,pankaj mullick,arzoo lucknowi, karun kya aas niraas bhai  4 diya bujhe phir se jal jaaye raat andheri jaye din aye mitati as hai jyot ankhiyan ki  2 samajh gai to gai karun kya threedots  jab na kisine raah sujhai dilase ek avaz ye ai himmat baandh sambhal badh age rok nahin hai koi karun kya aas niraas threedots  karana hoga khun ko paani deni hogi har qurabani himmat hai to itana samajh le aas bandhegi nai karun kya aas niraas threedots
jhuki aaii re badariyaa saawan kii,bhaabhi,1938,renuka devi,saraswati devi,meerabai,  jhuki aaii re badariyaa saawan kii 2  saawan kii manabhaawan kii 2 jhuki aaii re badariyaa saawan kii jhuki aaii re badariyaa  nanhiinnanhiin bundiyaan meharaa barase piipii papiihaa raaj kare alii jaaye kaho piyaa aawan kii  jhuki aaii re badariyaa saawan kii jhuki aaii re badariyaa  sun re hathii papiihaa paapii pii ko naam na le  sun paave koii birahaa kii naarii pii kaaran kiije   ye dou nainaa kaho naa maanen nadiyaa bahe jaise saawan kii  koii jaaye kaho piyaa aawan kii jhu jhuki aaii re badariyaa saawan kii jhuki aaii re badariyaa  saawan kii manabhaawan kii 2 jhuki aaii re badariyaa saawan kii jhuki aaii re badariyaa 
yahii aarazuu thii dil kii ki qariib yaar hotaa,madam fashion,1936,jugal kishor,jaddan bai,jaddan bai,  yahii aarazuu thii dil kii ki qariib yaar hotaa aur hazaar jaan se qurabaan main hazaar baar hotaa  na sahii agar nahiin thaa butebevafaa pe qaabuu yahii bas thaa mere bas men dilebeqaraar hotaa  jo pilaanaa thaa pilaataa koii aisii may ai saaqii jise pii ke taab mahashar na main hoshiyaar hotaa  har ek aafaton kaa karataa main kushii se kairmaqadam main alam ko bhuul jaataa jo tuu gamagusaar hotaa  tujhe lutfediid milataa mujhe lutfemarg qaatil main hameshaa marataa rahataa koii aisaa vaar karataa 
bhaaii re kabiir sun le kabiir ramaiyaa kii joruu na luutaa,kangan,1939,pradeep chorus,saraswati devi,sant kabir,     bhaaii re kabiir sun le kabiir 2  ramaiyaa kii joruu na luutaa bazaar luutaa bazaar haan luutaa sansaar  2 bhaaii re kabiir sun le kabiir 2  nar bhii luute dev bhii luute 2 machaa diyaa haahaakaar 2 bhaaii re kabiir sun le kabiir 2   kaduu kaat mridang baajaayaa niibuu kaat majiiraa  2  kaat turaiyaa mangal gaave naache baalam khiiraa  2 haan naache baalam khiiraa  bhaaii re kabiir sun le kabiir 2  band karo 
lo khaa lo maidam khaanaa,street singer,1938,khemchand prakash female,r c boral,arzo lucknavi,  	khaa lo maidam khaanaa  	hai jaan labon par aaii 	 aur pet men ud gaii dhuul 	muye chanduul 	gadhe kii zuul  2  	raste men thokar khaaii  2 	aur chot dekho aaii 2 	ye sab bakbak hai fizuul 2 	muye mazuul 	naamaakuul  	ye saalan hai ye chapaatii  2 	main puuriikachorii khaatii 	haan puuriikachorii khaatii 	mujhako to nahiin hai bhaatii 	haan puuriikachorii khaatii 2  	tum thaharo abhii le aauun 	yaa kachchaa tujhe chabaauun 	naamaakuul 	gadhe kii zuul 	muye chanduul  	tum bakhsho haan bakhsho  2 	tumako chod duun hiin tujhako  2  	uuljaluul 	pilaa dii dhuul 
yaad na kar dilehaziin bhuulii huii kahaaniyaan,deccan queen,1936,surendra nath,pransukh nayak,jiya sarhadi,  yaad na kar dilehaziin bhuulii huii kahaaniyaan yaar kii bazmenaaz men guzarii huii javaaniyaan  terii balaa men jaanejaan rote hain ham to kyaa huaa ishq men yuun hii besuquun katatii hain zindgaaniyaan  aapako mujhase ishq thaa isalie aap chup rahe kahatii rahii dabii zubaan aapakii bezubaaniyaan 
bhuulii huii yaad aaii kahaanii haay mohabbat haay jawaanii,toofaani taarzan,1937,ahmad dilawar,master mohammed,pt gyan,     bhuulii huii yaad aaii kahaanii haay mohabbat haay jawaanii 2  waapis the raajaa ai ahadefaanii haay mohabbat haay jawaanii 2  saawan kii bhiigii bhiigii sii zaayaa  dil kaa fasaanaa jaag ke sunanaa 2 apanii kahaanii dil ko sunaanii haay mohabbat haay jawaanii 2  guzarii jawaanii chhin maa gulet men 2 sozemohabbat ab tak baaqii 2 ye aag shaayad hai jaavedaanii 2 haay mohabbat haay jawaanii 2  bhuulii huii yaad 
ausar biito jaat praanii tero,pooran bhagat,1933,saigal,r c boral,, haan ausar biito jaat praanii tero 3 ausar biito jaat haan is kaal kii heraapherii men 3 tero ausar biito jaat  saath mint guzare gayaa ghantaa 2 chaubiis men dinraat palpal kar ke tiin hot hai 2 ik aawat ik jaat praanii tero 2  ausar biito jaat haan is kaal kii heraapherii men tero ausar biito jaat  kher kubiil kar baras hot hai 2 rituritu men douu maas maasmaas men tiis divas hai 2 gaii sandhyaa aaii raat praanii tero 4  ausar biito jaat haan is kaal kii heraapherii men tero ausar biito jaat   baalakapan gayaa khel gayaa khelkuud men jauban jubatii saath  2 briddh bhayo kachhu ban nahiin aave 2 saunpat teraa haath praanii tero  ausar biito jaat haan is kaal kii heraapherii men tero ausar biito jaat 
ye kuuch ke waqt kaisii aawaaz,kaarwaanehayaat,1935,pahadi sanyal,mihir kiran bhattacharya,, ye kuuch ke waqt kaisii aawaaz dil ke kaanon men aa rahii hai ye kyaa biso hai ye kyaa kashiish hai jo mujh ko waapas bulaa rahii hai  bichhe hue hai zamiin pe motii shuaaen baadal pe chal rahii hain fizaaen rangiin hain aisii dilakash jo mujh ko waapas bulaa rahii hain  parinde shaakhon men gaa rahe hain hawaaen jhuulaa jhulaa rahii hain inhiin men koyal kii kuuk bhii hai jo mujh ko waapas bulaa rahii hai  breeze  chhutaa jo kaanton se apanaa daaman to badhake dariyaa men bah rahaa hai shajar kii har shaak saraniguun hai nasiimesaharii bulaa rahii hai ye kuuch ke waaaaqt
jagat men prem hii prem bharaa hai,millionaire karorpati,1936,saigal,r c boral,kedar sharma, jagat men prem hii prem bharaa hai 2 binaa prem yahaan kachhu na dharaa hai 2 jagat men prem hii prem bharaa hai 2  shiital pawan chalat jab yaarii 2 jhuum ke gaawat daaliidaalii 2 jagat men prem hii prem bharaa hai 2  koyal ban men shor machaave 2 miithe giit papiihaa gaave koyal ban men shor machaave miithe giit papiihaa gaave bhauraa phuulon ko samajhaave 3 jagat men prem hii prem bharaa hai 2 
anuraadhaa o anuraadhaa  gokul se gaye giradhaarii,vidyapati,1937,k c dey,r c boral,kedar sharma,  anuraadhaa o anuraadhaa  kyuun rii pagalii arii is tarah rone se kyaa hogaa o tum aansuu ponchh rahii ho magar mujhe hichakiyon kii awaaz to sunaaii de rahii hai achchhaa suno tumhen ek kahaanii sunaauun bahot din huye ek baar  gokul se gaye giradhaarii 2 huii suunii nagarii saarii gokul se gaye giradhaarii  jit dekho ut chhaaii udaasii rovat hai narnaarii 2 gokul se gaye giradhaarii  giradhaarii to gokul se chale gaye jo vrindaawan waale the unakaa kyaa haal huaa  nainan niir na chain jiyaa men 2 shok huaa atii bhaarii 2  aur gopiyon kii haalat to aur bhii karaab thii bichaarii kahatii thii  kaise jaauun jamunaa jal bharane kaise jaauun jamunaa jamunaa jal bharane kaise jaauun jamunaa jal bharane tat pe na aaj muraarii 2  magar sabase zyaadaa dukh jaanatii ho kise huaa thaa anuraadhaa jaisii ek raadhaa thii bichaarii bichaarii roro kar kahatii thii  kaanhkaanh har aan ratat man 2 bhuulat naahiin bihaarii 2 kahe bidyaapatii madhusuudan ne raadhe raadhe man se bisaarii 2 
main kush honaa chaahuun,dhoop chhaaon bhagya chakra,1935,parul ghosh suprova sarkar harimati,rai chand boral,pt sudarshan,  main kush honaa chaahuun kush ho na sakuun jab tak hai teraa cheharaa udaas sir par sankat pade kabhii ro na sakuun jab tak rahe terii aankhon men aas  aanand nagar ke baasii aanand lutaane aae duniyaan ke dukhiyaaon kaa dukh dard mitaane aae merii aankhon men priit mere honthon pe giit mere man men hai miit mere jiivan men jiit muft men luuto sabhii dukh se chhuuto sabhii aao aao hamaare paas 
basant ritu aaii aalii phuul khilii daaliidaalii,chandidaas,1934,uma shashi,r c boral,aga h kashmiri,      basant ritu aaii aalii phuul khilii daaliidaalii kuunjkuunj koyaliyaa bole  2  daadur paapii haa mor naachat karat shor 2 ghiri jaaye sukh men dolen 3   basant ritu aaii aalii phuul khilii daaliidaalii kuunjkuunj koyaliyaa bole 
is paapa kii duniyaa se ab aur kahiin le chal,dukhiari a tale of selfless love 1937 and zamana 1938,1937,amirbai,anil biswas,gauri shankar lal akhtar,         is paapa kii duniyaa se ab aur kahiin le chal 2 chit chain jahaan paae chit chain jahaan paae le chal tuu wahiin le chal is paapa kii duniyaa se ab aur kahiin le chal  logon kii jafaaon se duniyaa kii nigaahon se 2 aa duur kahiin le chal aa duur kahiin le chal ab aur kahiin le chal  is paapa kii duniyaa se ab aur kahiin le chal 2 chit chain jahaan paae chit chain jahaan paae le chal tuu wahiin le chal is paapa kii duniyaa se ab aur kahiin le chal 2 
chaman ko yuun mere saaqii ne mayakaanaa banaa daalaa,indrasabha,1932,jehanara kajjan,master nagar das nayak,,  chaman ko yuun mere saaqii ne mayakaanaa banaa daalaa kalii ko shiishaemay gul ko paimaanaa banaa daalaa  giraftaar balaaeishq to pahale hii thaa lekin tumhaare gesuon ne aur diivaanaa banaa daalaa  bhalaa kuchh baat thii bebaat itanaa tuul khiinchaa hai savaalevasl ko zaalim ne afasaanaa banaa daalaa  kudaa ke ghar men kabzaa kar liyaa andher to dekho buton ne dil men rahakar dil ko butakaanaa banaa daalaa 
naahin aaye ghanashyaam gheri aaii badarii,devdaas,1935,rajkumari,timir baran,kedar sharma,     aaye ghanashyaam gheri aaii badarii naahin aaye ghanashyaam gheri aaii badarii 2  baithii sochen briajawaalii niiko laagii naahin dhyaan naahin aaye ghanashyaam gheri aaii badarii  aaye saawan kii bahaar kare morawaa pukaar 2 pade bundanaa phuhaar gheri aaii badarii haan pade bundanaa phuhaar gheri aaii badarii  naahin aaye ghanashyaam gheri aaii badarii 
kit jaaoge kanhaiyaa man ke basaiyaa,izzat,1937,devika rani,saraswati devi,j s kashyap natawa,      kit jaaoge kanhaiyaa man ke basaiyaa hamase nehaa lagaa ke  2  chhabii nainan men muurat man men 2 basii huii hai samaa ke 2 palak muund tumakaa laaj aa rii 2  raakho man biramaa ke palak muund tumakaa laaj aa rii raakho man biramaa ke  kit jaaoge kanhaiyaa man ke basaiyaa hamase nehaa lagaa ke 
badalaa dilawaaegaa yaa rab tuu sitamagaaron se,aalam aara,1931,zubeida,ferozeshah mistri  b irani,, badalaa dilawaaegaa yaa rab tuu sitamagaaron se tuu madadagaar hai to kyaa kauf jafaakaaron se kaath kii teg jo tuu chaahe to wo kaam kare jo ke mumakin hii nahiin lohe kii talavaaron se
priit men hai jiivan jokhon,dushman,1939,saigal,pankaj mullick,arzoo lucknowi, priit men hai jiivan jokhon ki jaise kolhuu men sarason priit men hai jiivan jokhon  bhor suhaanii chanchal baalak ladakayii dikhalaaye haath se baithaa gadhe khilaune paanv se todat jaaye 2 vo to hai vo to hai ik muurakh baalak tuu to nahiin na raam 2 aap banaaye aap bigaade yah nahiin terii shaan yah nahiin terii shaan  aisaa kyon phir aisaa kyon aisaa kyon 
matawaale nainon waalii ghungharaale baalon waalii,izzat,1937,ashok kumar devika rani,saraswati devi,j s kashyap natawa,  a 	 matawaale nainon waalii 	ghungharaale baalon waalii  2 	 patalii kamariyaa baalii umariyaa 	tirachhii najariyaa waalii  2 	jii ho de 	kaun a 	ek bhiilanii waalaa  de 	 nuukiilen nainon waalaa 	rasiilen bainon waalaa  2 	 mast chaal mastaanii adaa 	man bharaa prem kaa pyaalaa  2 	haan huun a 	kaun de 	ek biil kaa laalaa do 	naam de 	kanhaiyaa a 	raadhaa de 	tab aaii ek byaadhaa  a 	 padaa kanhaiyaa jaa kar duur de 	roro raadhaa ho gaii chuur  2 a 	duur rahaa nahiin gayaa kanhaiyaa 2 	aa raadhaa ke saath milaa 	duur rahaa nahiin gayaa kanhaiyaa 	aa raadhaa ke saath milaa de 	 bichhade mil kar ek huye 	man ek haath se haath milaa  2  a 	 jiiwan kaa pyaalaa chupake tere 	aaj bharaa amarit se  2 
kaun hai kisakaa miit muurakh,abhaagin,1938,akbar khan peshawari,r c boral,arzoo,     kaun hai 2 kaun hai kisakaa miit muurakh kaun hai kisakaa miit 2 bach thokar se raah badal de 2 riit to kar anariit muurakh kaun hai kisakaa miit kaun hai kisakaa miit muurakh kaun hai kisakaa miit 2  haan phuul kii baas khatak ko detii kaun na dhokhaa khaaye aan phulawaarii se ban hii achchhaa jo na dukh haan pahunchaaye kapat bane na priit muurakh kaun hai kisakaa miit kaun hai kisakaa miit kaun hai kisakaa miit muurakh kaun hai kisakaa miit  sukh kii khoj lagaa ke tuune dagardagar dukh paaye 2 dukhon kii duniyaa men bhii phir le shaayad sukh mil jaaye 2 haar men nikale jiit muurakh kaun hai kisakaa miit kaun hai kisakaa miit muurakh kaun hai kisakaa miit 
laakh sahii ham pii kii batiyaan ek sahii naa jaaye,yahoodi ki ladki,1933,saigal,pankaj mullick,, laakh sahii haan 3 pii kii batiyaan ek sahii naa jaaye haanhaan ek sahii naa jaaye  aa re laakh sahii ham laakh sahii haan laakh sahii ham pii kii batiyaan ek sahii naa jaaye haanhaan ek sahii naa jaaye  jaaye rahen sautin ghar nisdin 4 hamaraa jii kalapaaye 3  laakh sahii ham pii kii batiyaan ek sahii naa jaaye haan ab ek sahii naa jaaye  nainaa laal kapol pe anjanaa 2 chaal baii matawaarii nainaa laal kapol pe anjan chaal baii matawaarii raat jage kis bairan ke ghar 3 kis sautin bharamaaye 3 raam kis sautin bharamaaye  laakh sahii haan 3 laakh sahii ham pii kii batiyaan ek sahii naa jaaye ek sahii naa jaaye haan haan ek sahii naa jaaye 
ai dard zaraa dam le,zamaana,1938,amirbai,sundar das,d n madhok,       ai dard zaraa dam le karavat to badalane de 2 aramaan bhare dil ko aramaan bhare dil ko pahaluu men sambhalane de ai dard zaraa dam le ai dard zaraa dam le karavat to badalane de  dam le ke mere aramaan aankhon men utar aae 2 ro kar hii mere dil ke ro kar hii mere dil ke aramaan nikalane de ai dard zaraa dam le karavat to badalane de  parawaane ke jalane se jalatii hai tuu kyon shamaa 2 likkhaa hai agar ye hii likkhaa hai agar ye hii jalataa hai to jalane de ai dard zaraa dam le karavat to badalane de ai dard 
terii maut khadii ho sarahaane jidhar,devdaas,1935,k c dey,timir baran,kedar sharma,     maut  terii maut khadii ho sarahaane jidhar terii baalii se ho jaaye wo jalawaagar  2 terii maut  terii jaan men aa jaaye jaan agar 2 tujhe pyaar se dekh le ek nazar 2  terii maut khadii ho sarahaane jidhar terii baalii se ho jaaye wo jalawaagar terii maut  tujhe jaayen musiibaten bhuul sabhii 2 unakaa ahasaan bhuul sako na kabhii tujhe jaayen musiibaten bhuul sabhii unakaa ahasaan bhuul sako na kabhii nikale roz aramaan dil ke sabhii aaj nikale roz aramaan dil ke sabhii wo jo pyaar se dekh le ek nazar terii maut terii maut khadii ho sarahaane jidhar terii baalii se ho jaaye wo jalawaagar terii maut 
sunosuno ban ke praanii,amar jyoti immortal flame,1936,shanta apte,master krishnarao,pt narottam vyas,  sunosuno 2 sunosuno ban ke praanii banii huun aaj tumhaarii raanii 2 sunosuno sunosuno ban ke praanii  tum ped khade kyaa karate 2 kyon nahiin yahaan paharaa dete 2 ghusaa chor karaa naa haanii 2 sunosuno ban ke praanii 2  kaar hai kaar hai kaar karo mat jaladii bano sipaahii bedaradii 2 sabase roz karo shaitaanii 2 sunosuno ban ke   praanii nahiin patthar  patthar tum mantrii bananaa 2 raajkaaj men baadhaa denaa 2 aap kiyaa karanaa naadaanii 2 aa sunosuno ban ke praanii  tum kunj badii mastaanii 2 ban jaanaa raanii kii naanii 2 sadaa shariir badhe laasaanii sadaa shariir badhe sunosuno ban ke praanii 2 
suunii padii re sitaar miiraa ke jiiwan kii,kangan,1939,leela chitnis,saraswati devi,pradeep,  suunii padii re sitaar miiraa ke jiiwan kii  2 suunii padii re sitaar   kitanii gaharii niind men so gaii taaron ke jhanakaar  miiraa ke jiiwan kii suunii padii re sitaar  2  suunii padii re sitaar miiraa ke jiiwan kii suunii padii re sitaar   priit phiikaa git adhuuraa kaun karegaa re ab puuraa  2 giridharnaagar kyaa na sunoge 2 piyuupiyuu kii pukaar 2  miiraa ke jiiwan kii suunii padii re sitaar  suunii padii re sitaar miiraa ke jiiwan kii suunii padii re sitaar 
raat aaii hai nayaa rang jamaane ke lie,amrit manthan,1934,shanta apte,keshavrao bhole,, raat aaii hai nayaa rang jamaane ke lie leke aaraam kaa paigaam zamaane ke lie  gunagunaatii huii dhiire se ye aatii hai sabaa thapakiyaan maan kii tarah de ke sulaane ke lie  kaise berahamii se bikhare hain ye laalogohar aasamaan kyaa terii daulat hai lutaane ke lie  kyaa hii achchhaa hai ye bachapan kaa zamaanaa bhii yahaan mauj karane ke lie khelane khaane ke lie
ek chhotaa sa mandir banaayenge,gramophone singer,1938,surendra nath,anil biswas,zia sarhadi, ek chhotaa sa mandir banaayenge 2 apanii devii ko usamen bithaayenge 2 ek chhotaa sa mandir banaayenge 2  roz phuulon se usako sajaayenge 2 yuunhii apanii umariyaa bitaayenge 2  ek chhotaa sa mandir banaayenge 2 apanii devii ko usamen bithaayenge 2 ek chhotaa sa mandir banaayenge 2 
udii hawaa men gaatii hai jaatii chidiyaa ye raag,achhut kanya,1936,devika rani,saraswati devi,j s kashyap natawa,   udii hawaa men jaatii hai gaatii chidiyaa ye raag aavo priitam hilmil khelen prempriit kaa phaag  2   chidiyaa sangsang udatiiphiratii saadh range dil kii nadiyaa  3  main dukhiyaarii bichhad gayii kaa ke sang kheluu phaag  2  udii hawaa men jaatii hai gaatii chidiyaa ye raag aavo priitam hilmil khelen prempriit kaa phaag 
he ho dhoye mahobe ghaat  dhobiyaa re dhobiyaa kahaan tumhaaro,pukaar,1939,sardar akhtar male voice chorus,mir sahab,kamal amrohi,  ko 	he ho dhoye mahobe ghaat 2 sa 	dhobiyaa re dhobiyaa 	kahaan tumhaaro 	yaunan kaunan 	kahaan tumhaaro ghaat 	he ho kahaan tumhaaro ghaat 2 ko 	mirazaapur men  	aunan kaunan 	kabhii hamaaro ghaat 	he ho kabhii hamaaro ghaat 3  	haiyo raam 6 	dhoye mahobe ghaat 	he ho dhoye mahobe ghaat 	 	chaandii kii nadiyaa men dhoban kii angiyaa 2 	dhoye re dhoye re masmas dhotiyaa 2 	chamcham chamakegii angiyaa pahan ke 2 	barasenge chundarii pe taare gagan ke 2  ko  dhoye mahobe ghaat 	he ho dhoye mahobe ghaat 3  	sajo tumhaaro  	pyaaro joban 	sajo tumhaaro ghaat 	he ho sajo tumhaaro ghaat 3 sa 	hamaraa tumharaa bandhe re painjan 2 	chalen niraale thaath 	he ho chalen niraale thaath 2  ko 	haiyo raam 6 	dhoye mahobe ghaat 	he ho dhoye mahobe ghaat  sa 	ho more dhobiyaa kii pagadii puraanii 2 	pagadii puraanii kyuun dhoye mahaaraanii 2 	dhobiyaa kii godii men raanii simat gayii 2  ko  dhoye mahobe ghaat 	he ho dhoye mahobe ghaat 3  	haiyo raam 6 	dhoye mahobe ghaat 
baabaa man kii aankhen khol,dhoop chhaon,1935,k c dey,rai chand boral,, produced bynew theatres ltd directed bynitin bose  baabaa man kii aankhen khol man kii aankhen khol baabaa  duniyaa kyaa hai ek tamaashaa chaar dinon kii jhuuthii aashaa pal men tolaa pal men maashaa gyaan taraazu leke haath men tol sake to tol baabaa man kii threedots  matalab kii sab duniyaadaarii matalab ke sab hain sansaarii jag men teraa ho hitakaarii tan man kaa sab jor lagaakar naam hari kaa bol baabaa man kii threedots 
ban chale raam raghuraaii,sant tulsidas,1939,vishnupant pagnis chorus,gyan dutt,pt indra, vishnupant pagnis  ban chale raam raghuraaii aur sang jaanakii maaii lachhuman jaisaa bhaaii  avadhapurii ke narnaarii ne aansuu nadii bahaaii raamraam karate dasharath ne apanii jaan gavaaii maataa kausalyaa bilapat dole kyuun pajhare dinaraaii  ban chale raam raghuraaii   threedots  raam binaa merii sunii ayodhyaa lachhuman bin thakuraaii siitaa binaa merii sunii rasoii kaun kare chaturaaii  ban chale raam raghuraaii   threedots  pagnis and chorus ban chale raam raghuraaii ban chale raam raghuraaii ban chale raam raghuraaii
harii base sakal sanasaaraa,achhut kanya,1936,male voice,saraswati devi,j s kashyap natawa,     harii base sakal sanasaaraa 2  jal thal huun aakaash paban men 2 uunchniich banawaa men ban men 2 phuul men unake raadhaa   phuul men unake raadhaa  harii base sakal sanasaaraa 2 
phir tiirenazar se chhed jigar phir aankh milaa bismil kar de,daakoo ka ladka,1935,master fida husain,master nagar das nayak,rajiuddin,  phir tiirenazar se chhed jigar phir aankh milaa bismil kar de jii bhar ke tadap luun dard uthe itanaa to karam qaatil kar de  ho kair tere maikaane kii tauqiir badhe paimaane kii o mast nazar vaale saaqii mastii bhar de gaafil kar de 
wo muqaddar na rahaa aur wo zamaanaa na rahaa,sheereen farhaad,1931,master nissar,brujlal verma,agha hashra kashmiri, wo muqaddar na rahaa aur wo zamaanaa na rahaa tum jo begaane hue koii yagaanaa na rahaa o zamiin tuu hii labegaur se itanaa kah de aa merii god men gar koii thikaanaa na rahaa  jisakii ummiid men jiite the kafaa hai wo bhii ai azal aa ki koii ab to bahaanaa na rahaa raham kar raham kar ki ye ishq sitam hai mujh par tiir phir kis pai chalenge jo nishaanaa na rahaa
tadapat biite din rainaa,chandidas,1934,saigal,r c boral,aga h kashmiri, tadapat biite din rainaa 2 nis din birahaa toraa sataave 2 kaise aave mohe chainaa  tadapat biite din rainaa  raat kate gin gin ke taare dhuundhat nainaa saanjh sakhaare 2 aavo sunaao man ke baatii 2 madhur madhur bainaa 2 tadapat biite din rainaa
ek din raadhaa ne bansuriyaa  ik baans kii thii,vidyapati,1937,pahari sanyal,r c boral,kedar sharma,     mahaaraaj suniye ek kahaanii  ek din raadhaa ne bansuriyaa nandalaal kii chupake se lii churaa ghar laaii uthaa aur krodh men aa bolii ki nigodii sach balataa kyaa mantar hai kyaa jaaduu hai wo moh rakhaa hai jisase mohan ko hans kar baansuriyaa bolii yuun thaharo sajanii batalaatii huun  ik baans kii thii patalii sii nalii 2 jangal men ugii jangal men palii 2 taqadiir magar kuchh achchhii thii 2 madhusuudan ke main haath lagii 2  sajanii jo kataa har ang meraa kuchh aur hii nikalaa rang meraa  2 main prem ko samajhii thii aisaan 2 sun kar hogii tum bhii hairaan 2  chhedon se meraa sinaa hai bharaa 2 aa haath lagaa kar dekh zaraa chhedon se bharaa sinaa hai meraa aa haath lagaa kar dekh zaraa  ab tan kyaa hai ik taan sakhii 2 priitam ke svaarth hai jaan sakhii 3 
darshan hue tihaare saajan,vidyapati,1937,pahari sanyal,r c boral,kedar sharma, startsong  darashan hue tihaare saajan jaage bhaag hamaare   rang daalaa mohe prem rang me umang umang hai ang ang men chit men basat ab nainaa tihaare pyaare pyaare ati nyaare saajan jaage bhaag hamaare threedots   aankhon ke aaj saamane aankhon kaa chaand hai aavaaz deke aaj teraa chaand mand hai bhuul rahe hain sitaare 
zindagii kaa saaz bhii kyaa saaz hai,pukaar,1939,nasim bano,mir saheb,kamal amrohi,  zindagii kaa saaz bhii kyaa saaz hai baj rahaa hai aur beaawaaz hai  koii nagamaa hai na koii saaz hai 2 ek terii aur ek merii aawaaz hai 2  zindagii kaa saaz bhii kyaa saaz hai baj rahaa hai aur beaawaaz hai 2  lay na tuute zindagii ke saaz kii 2 zindagii aawaaz hii aawaaz hai 2  zindagii kaa saaz bhii kyaa saaz hai baj rahaa hai aur beaawaaz hai 
pyaariipyaarii suurato moh bharii muurato,dushman the enemy,1939,saigal,pankaj mullick,arzoo lucknavi, pyaariipyaarii suurato moh bharii muurato des se parades men tumharaa sandesaa aaye hai tan se bhii man se bhii jaise khinchaa jaaye hai madad karo madad karo tum sang aa jaayenge   pahunchenge aakir kabhii chhaanenge ekek galii  2  dekhen wo mukhadaa abhii hogii yahii bekalii   gaal hain jisake gulaab ras aankhon kaa sharaab  2 honth kahaan rahenge phir phuul bhii kho jaayenge  haan wohii gulras bharii jaise baaje baansurii kaanon men le kar sandes 4 niin se niind se chaukaaye hai  des se ham duur hain duur hain  haal se majabuur hain  2 madad karo madad binaa  madad binaa kaise pahunch paayenge madad karo madad karo madad karo 
main to aaratii utaaruun raadheshyaam kii re,kangan,1939,leela chitnis pradeep chorus,ramchandra pal,pradeep,     lii 	main to aaratii utaaruun raadheshyaam kii re ko 	main to aaratii utaaruun raadheshyaam kii re lii 	raadheshyaam kii re motii shyaam kii re ko 	raadheshyaam kii re motii shyaam kii re 	main to aaratii utaaruun raadheshyaam kii re 2  pra 	hriday ke kapaat khol bhaktii ke tale hindol 2 	madhur naam bolbol 2 	main to chhagan chhavi nihaaruun raadheyshyaam kii re 2 	main to aaratii utaaruun raadheshyaam kii re 2 	 	lalaa ke charan pakhaar lalii ke basan sanwaar 2 	naman karuun baarbaar 2 	jugal muurti main sajaauun raadheyshyaam kii re 2 	main to aaratii utaaruun raadheshyaam kii re 4 	 	raadheshyaam kii re motii shyaam kii re 4 	raadheshyaam kii re raadheshyaam kii re 4 	main to aaratii utaaruun raadheshyaam kii re 3 
jo naukarii dilaa de ba banaane vaale,millionaire karorpati,1936,saigal pahadi sanyal,rai chand boral,kedar sharma,  jo naukarii dilaa de ba banaane vaale haan jo naukarii dilaa de ba banaane vaale haan bigadii huii banaa de degree dilaane vaale haan bigadii huii banaa de degree dilaane vaale  haan milatii nahiin hai service haan haan bekaar phir rahe hain milatii nahiin hai service bekaar phir rahe hain haan  bhuukhe hain biivii bachche tan par nahiin hai kapadaa 2 baabuu bane hue hain collar lagaane vaale haan baabuu bane hue hain collar lagaane vaale  haan kuchh kaam mil to jaataa kuchh kaam ban to jaataa 2 majaduur jo banaade ma banaane vaale haan majaduur jo banaade ma banaane vaale  barabaad ho rahe hain muunchhen mundaane vaale haan donon ke dil milaa de ba banaane vaale
kit gaye ho khewanahaar naiyaa duubatii,achhut kanya,1936,saraswati devi,saraswati devi,j s kashyap natawa,  kit gaye ho khewanahaar 3 naiyaa duubatii hai naiyaa duubatii kit gaye ho khewanahaar 2  jo main aisaa jaanatii priit ki ye dukh hoy nagar dhandho raa piitatii priitaa na kariyo koy mohe chhaade chale majhadhaar 2  naiyaa duubatii hai naiyaa duubatii kit gaye ho khewanahaar 2 kit gaye ho   bichhad gaye more sangsanghaatii naav khevaiyaa jiiwansaathii  2 naav khevaiyaa jiiwansaathii mohe kaun lagaawe paar 3  naiyaa duubatii hai naiyaa duubatii kit gaye ho khewanahaar 3 
har galii men hain bagiiche,wahaan beyond the horizon,1937,shanta apte,master krishnarao,pt narottam vyas, har galii men hain bagiiche phuul phal hain sab ras ras ras  baagabaan arazii suno do hukum aaraam lene do ghadii hamako bas bas bas  ham pe hain saamaan amiirii par na dilabar koii shiiriin bole jo hans hans hans
are main to lut gaii aake tere baag men maalii,aurat ka pyaar,1933,mukhtar begum,mushtaq ahmed,aga h kashmiri,  are main to lut gaii aake tere baag men maalii nargis ne aankh kii mastii phuulon ne churaaii laalii  bulabul ne mithaas gale kii moron ne chaal matavaalii sambul ne bal zulfon ke kaliyon ne hansii udaa lii  kaisii chorii siinaajorii se hain luute mere husn ke buute kyaa kabar thii mujhako baag men tere chor hain daaliidaalii 
dhiire baho nadiyaa dhiire baho hamen utaran paar,achhut kanya,1936,kusum kumari party,saraswati devi,j s kashyap natawa,      dhiire baho nadiyaa dhiire baho hamen utaran paar  kaahe kii torii naiyaa re aur kaahe kii patawaar  kaunhau toraa naiyaa khiwaiyaa re kaunhau utaran paar  dhiire baho nadiyaa dhiire baho hamen utaran paar  chhalapat morii naiyaa re chhalak rahii patawaar   sach moraa naiyaa khiwaiyaa re hamen utaran paar  dhiire baho nadiyaa dhiire baho hamen utaran paar 
lag gaii chot karejavaa men,nonfilm,1934,saigal,,, lag gai chot karejavaa men  2 haay raamaa  nainon ke tiir mohe maar gayo saiyyaan  2 o lag gai chot karejavaa men haay raama  lag gai chot karejavaa men  aanaa achaanak main nahiin jaanuun re  2 ghaayal karake haay ghaayal karake haay ghaayal karake  sidhaar gayo saiyyaan lag gai chot karejavaa men haay raama lag gai chot   kuchh maazaraa sunaataa huun main husnoishq ka  lailaa ka ek aashiqedivaana qais tha  baadefanaa tha dono ka madafan judaa judaa  lekin vo donon qabron se ati thi ye sadaa  lag gai chot karejavaa men haay raama lag gai chot   koratemajanuu ke jaa puuchha kisine ye qun  yaad kuchh lailaa ki ab bhi hai baakii khataatan  aah thandii bhar ke bolaa khench kar munh se kafan  kyaa  lag gai chot karejavaa men haay raama lag gai chot 
madhuritu aaii phaagun kii sakhi,vidyapati,1937,pahari sanyal chorus,r c boral,kedar sharma,     pa 	madhuritu aaii phaagun kii sakhi bhramaron kii bharamaar 	ras ke lobhii kaliikalii ko chuumat sausau baar 	 pa 	madhurmadhur brindaavan saaje ko 	madhurmadhur brindaavan saaje pa 	madhur shyaam kii baansuri baaje ko 	madhur shyaam kii baansuri baaje 	 pa 	madhurmadhur saajan kii raaten 	madhurmadhur chitawan kii ghaaten ko 	madhurmadhur saajan kii raaten 	madhurmadhur chitawan kii ghaaten 	 pa 	madhurmadhur madhurmadhur 	jhuum tananana jhuum jhuum paayal kii jhankaar ko  madhurmadhur madhurmadhur 	jhuum tananana jhuum jhuum paayal kii jhankaar  pa 	naach bhramar tuu naach 	bhramaron kii bharamaar ko 	 naach bhramar tuu naach 	bhramaron kii bharamaar  2  pa 	naach bhramar tuu naach ko 	bhramaron kii bharamaar 
sitam the  hazaar shukr ke man darapan hai jag saaraa,dushman the enemy,1939,saigal,pankaj mullick,arzoo lucknavi, sitam the zulm the aafat the intazaar ke din hazaar shukr ke dekhenge ab bahaar din 2  aawaaz kii duniyaa ke dosto main zaraa der se pahunchaa isake liye mujhe afasos hai lekin aaj aap logon ko ek bilkul nayaa gaanaa sunaataa huun  aa ha aaha haa haa haa haa man darapan hai jag saaraa ye jag saaraa man darapan hai jag saaraa  man andhiyaaraa jag andhiyaaraa man darapan hai jag saaraa aa ha aaha haa haa haa haa  ultii hai ye jaanii duniyaa dukh kaa dukh kaisaa 2 aisaa aankhon men til jaise kaalaa 2 ruup andheraa ruup andheraa kaam ujaaraa  man darapan hai jag saaraa  berii gaaye kaise soyen 2 kaam kiye din naahiin hoye niiras dukh kii naiyaan aur khevaiyaa aap kii naiyaan apanii naiyaa jaal uthaa le maajhii ban jaa 2 wo hai kinaaraa ye hai dhaaraa 2 
maran re tuu hii mero shyaam samaan,kangan,1939,kantilal,ramchandra pal,pt narottam vyas,     maran re tuu hii mero shyaam samaan 3  ghor ghataa kaa mormukut dhar 2 dhar bijalii kii muralii adhar par 2 gaa de amrit gaan 2  maran re tuu hii mero shyaam samaan 2   priitam ne bisaraayaa mujhako mujhase ab apanaayaa tujhako  2  apanii amara god men le kar 2 bhiikh shaantii de daan 2 mujhe shaantii de daan 
aao bachcho main tumhen ek kahaanii  ek raaje kaa betaa,president badi bahan,1937,saigal,r c boral,, aao bachcho tumhen ek kahaanii sunaauun  ek thaa raaje kaa betaa baithebaithe usake dil men sair kii dhun samaaii  chadh baithaa udhane ghode par aur usako ed lagaaii  kuub thakaa jab udateudate tab ghode kaa munh pheraa  ghanii chhaanb dekhii jis jaa us jaa par daalaa deraa  itane men ik pariyon kii shahajaadii us jaa aaii raaje ke bete sang khele yahii usake man bhaaii  achchhaa ab yahii kahaanii gaa kar tumhen sunaataa huun  ek raaje betaa le kar udane waalaa ghodaa 2 deshdesh kii sair kii kaatir apane ghar se nikalaa 2  udateudate chalatechalate thake jo usake paanv 2 to ik jaa par baith gayaa wo dekh ke thandii chhaanv 2  itane men honii ne apanii bansii vahaan bajaaii 2 jisako sun kar pariyon kii shahajaadii daudii aaii 2  achchhaa bachchon jaanate ho usake baad kyaa huaa  usake baad bahot der tak aapas men donon jii bhar kar khele donon ne khaaye miljul kar seb anaar aur kele  achchhaa bachchon  agar tumhe wo shahajaadii mil jaaye to usake saath kheloge   wo bachchon ko badii umdaaumdaa chiizen khilaatii hai  kaho haan 
bhaagy chakr nit chalataa hai karmon kii gati nyaarii hai,pratima prem moorti,1936,amirbai karnataki,anil biswas,gaurishankar lal akhtar,  bhaagy chakr nit chalataa hai karmon kii gati nyaarii hai rotaa ho yaa hansataa ho bhaagy chakr nit jaarii hai  phirataa hai kisii ke pahaluu men sansaar yah saaraa rotaa hai kisii kii furqat men badahaal bechaaraa  karmon kaa phal bhog rahaa paapii naabiinaa duniyaa kaa daur niraalaa palabhar kaa pasaaraa  biitaa bachapan aaii javaanii aaii javaanii kyaa diivaanii duniyaa bandhan hai ik dhokhaa prem amar hai aur laafaanii 
piyaa milan ko jaanaa,kapala kundala,1939,pankaj mullick,pankaj mullick,pankaj mullick, piya milan ko jana han piya milan ko jana jag ki laaj man ki mauj donon ko nibhana piya milan ko jana han piya milan ko jana  kante bikhara ke chalun pani dhalaka ke chalun  2 sukh ke liye sikh rakhun  2 pahale dukh uthana piya milan ko jana threedots  payal ko bandh ke  2 uthi chubh nag ke  payal ko bandh ke dhiredhire dabedabe pavon ko badhana piya milan ko jana threedots  bujhe diye andheri rat ankhon par donon hath  2 kaise kate kathin baat  2 chal ke azamana piya milan ko jana han piya milan ko jana jana piya milan ko jana jana piya milan ko jana han piya milan ko jana
kise karataa muurakh pyaar pyaar pyaar teraa kaun hai,achhut kanya,1936,ashok kumar,saraswati devi,j s kashyap natawa,  kise karataa muurakh pyaar pyaar pyaar teraa kaun hai 2  teraa kaun hai teraa kaun hai re teraa kaun hai  2 kise karataa muurakh pyaar pyaar pyaar teraa kaun hai  jhuuthe jag ke naaterishte jhuuthii jag kii priit jhuuthaa jag kaa milanaajulanaa ultii jag kii riit nahiin mit koii nahiin yaar yaar yaar teraa kaun hai 2  teraa kaun hai teraa kaun hai re teraa kaun hai  2 kise karataa muurakh pyaar pyaar pyaar teraa kaun hai  nahiin thade koii na chikaan hai  jo apanaa thaa begaan hai ye jiiwan hai ek bhaar bhaar bhaar teraa kaun hai 2  teraa kaun hai teraa kaun hai re teraa kaun hai  2 kise karataa muurakh pyaar pyaar pyaar teraa kaun hai 
dilenaadaan tujhe huaa kyaa hai,millionaire karorpati,1936,,rai chand boral punkaj mullick,mirza ghalib,  dilenaadaan tujhe huaa kyaa hai aakhir is dard kii davaa kyaa hai  ham hain mushtaaq aur vo bezaar yaa ilaahii ye maajaraa kyaa hai aakhir is dard kii threedots  ham ko unake vafaa kii hai ummiid jo nahiin jaanate vafaa kyaa hai aakhir is dard kii threedots 
mere dil kii duniyaa ujad gaii samajhe the dil kii lagii huii,janmabhoomi,1936,ashok kumar,saraswati devi,j s kashyap natawa,  mere dil kii duniyaa ujad gaii 2 samajhe the dil kii lagii huii aan aan  dil hii dil men rah jaayegii kyaa kabar thii ye jwaalaa ban kar jiiwan men aag lagaayegii merii premnagariyaa ujad gayii  mere dil kii duniyaa ujad gaii 2 
man prem kii jyot jalaa sajanii,anaath aashram,1937,uma shashi pahari sanyal,r c boral,kedar sharma,     u 	 man prem kii jyot jalaa sajanii 	nainan men pii ko bulaa sajanii  2  	 hriday men unhen bulaanaa hai 	nit ut isanaan karaanaa hai  2 pa 	nainan se niir bahaa sajanii 2 do 	man prem kii jyot jalaa sajanii 2 	nainan men pii ko bulaa sajanii  pa 	 khoye huye ko paanaa hai jo 2 	priit kii riit nibhaanaa hai  2 	jiite jii mar jaa sajanii phir jiite jii mar jaa sajanii u 	nainan men pii ko bulaa sajanii 2 pa 	phir jiite jii mar jaa sajanii 2 do 	nainan men pii ko bulaa sajanii 2 
kahiin bhii meraa thikaanaa nahiin zamaane men,aashiana,1936,,neeren lahidi,qamar jalalabadi,  kahiin bhii meraa thikaanaa nahiin zamaane men na aashiyaane ke baahar na aashiyaane men  abhii bichhaae the tinake ki gir padii bijalii banaa na thaa ki aag lagii aashiyaane men  qamar kisii se bhii isakaa ilaaj ho na sakaa ham apane daag phire dikhaate zamaane men 
bhajuu main to bhaavase shirii giridharii,pooran bhagat,1933,saigal,r c boral,, aada tanana dada  bhajuu main to bhaavase shirii giridhaarii hiriday men ab 2 pun hai krishhn naam kii pyaarii 2 bhajuu main to bhaavase shirii giridhaarii hiriday men ab  pun hai krishhn naam kii pyaarii  mithyaa hai mamataa mithyaa hai hamataa mithyaa sakal sansaarii 2 bho bhayabhanjan janmanranjan 2 sakal kaaj ko dhaarii hiriday men ab 2 pun hai krishhn naam kii pyaarii  bhog bilaas maayaa chaahuun na dilase  krishhn kaa naam ik bhaayaa 2 bhog bilaas maayaa chaahuun na dilase krishhn kaa naam ik bhaayaa kaanhaa hii kaanhaa hai man ke andar 3 do charanon pe balihaarii hiriday me ab 2 pun hai krishhn naam kii pyaarii  bhajuu main to bhaavase shirii giridhaarii hiriday men ab 2 pun hai krishhn naam kii pyaarii
chuudii main laayaa anamol re,achhut kanya,1936,mumtaz ali sunita devi,saraswati devi,j s kashyap natawa,     mu 	 chuudii main laayaa anamol re su 		le lo chudiyaan le lo  2  mu 	chudiyaan kyaa hain resham ke lachchhe  su 	chaaho na bolen achchheachchhe  mu 	 aavo kar lo mol re su 		le lo chudiyaan le lo  2  mu 	maal meraa anamol su 	nahiin jokhuun hai nahiin jaal mu 	gar lenaa ho to bol su 	lo chudiyaan le lo mol  mu 	hai maal meraa anamol su 	nahiin jokhuun hai nahiin jaal mu 	gar lenaa ho to bol su 	lo chudiyaan le lo mol  su 	pahane suhaagine piyaa rijhaaven mu 	kunwaarii pahanen byaah rachaaven  ko 	 pyaar kaa duujaa bol re mu 	maal meraa anamol re  2 su 		le lo chudiyaan le lo  su 	goregore haathon men kaaliikaalii chuudiyaan mu 	hain kaaliikaalii chuudiyaan ye goregore haathon par 	ye hain kaaliikaalii chuudiyaan ye goregore haathon par 	ke zulf khaa rahii bal hai kisii ke shaanon pe 2 su 	goregore haathon men kaaliikaalii chuudiyaan mu 	jubh waalaa rang niraalaa juban waalaa manariyaa 
ab kisaliye kal kii baat katii hansiikushii men raat,aadmi life is for living,1939,shanta hublikar chorus,master krishnarao,munshi aziz,  kisaliye kal kii baat ko 	waahwaah kisaliye kal kii baat katii hansiikushii men raat 2 ab kisaliye kal kii baat kisaliye kal kii baat katii hansiikushii men raat 2   hilmil ke rahen sukh hans ke piyen  2 aa milen haath se haath 2  ye husn kii bahaar 2 noto yaar bhaa bhaa  husn kaa bharosaa kyaa do din hai taar 2 ghaaton men hai ghaat  kisaliye kal kii baat 2 ko 	waahwaah katii hansiikushii men raat 2  phuul saa jism purabahaar men hai aaj lipat isakaa lutf pyaar men hai is jawaanii kaa aitabaar nahiin bhuul gayii thii bhii intazaar men hai  kisaliye ko 	kisaliye 	kisaliye 	kisaliye 	kisaliye kal kii baat 	ab kisaliye kal kii baat 	katii hansiikushii men raat 2  	laugh 
kaahe akelaa dolat baadal mohe bhii sang le jaa,gramophone singer,1938,surendra nath,anil biswas,zia sarhadi,  kaahe akelaa dolat baadal mohe bhii sang le jaa  2   aa piir kahaan hotii hai baadal kaahe tuu rotaa hai  2 baadal kaahe tuu rotaa hai main bhii tere sang rouungaa mohe bhii sang le jaa 2  kaahe akelaa dolat baadal mohe bhii sang le jaa kaahe akelaa 
tum bin hamarii kaun kabar le govardhan giridhaarii,pukaar,1939,sheila,mir sahab,kamal amrohi,  tum bin hamarii kaun kabar le govardhan giridhaarii govardhan giridhaarii  bhakt miraa kii vipadaa men bas 2 kaam tumhiin to aaye the 2 shankar jii kii mushakil men tum 2 sur paa ban kar chhaaye the 2 mor bhii to aa kar sun lo 2 o jag ke rakhawaarii 2 govardhan giridhaarii 2  tum bin hamarii kaun kabar le govardhan giridhaarii govardhan giridhaarii  ulajh gaye the tum hii jaa ke 2 durayodhan ke paapon se 2 dropadii kii laaj bachaa lii 2 nandak saade haathon se 2 mujh par bhii kirpaa ho jaaye 2 ab hai morii baarii 2 govardhan giridhaarii 2 
jidhar unakii tirachhii nazar ho gaii,diljaani mastaanaa kunwaari,1935,master fida husain,master nagar das nayak,ram das azaad,  jidhar unakii tirachhii nazar ho gaii qayaamat hii barpaa udhar ho gaii  vo phirphir ke dekhen mujhe jaatejaate muhabbat merii purasar ho gaii  kiyaa raaz afashaan nigaahon ne dil kaa chhupaatechhupaate kabar ho gaii  kiyaa qatl chutakii men aazaad ko bhii nigaah unakii kaisii nidar ho gaii  shabevasl bhii dil ke aramaan na nikale manaatemanaate sahar ho gaii 
dole hriday kii naiyaa,vidyapati,1937,kanan devi,r c boral,kedar sharma,      dole dole hriday kii naiyaa  2  pag dharat darat ho khiwaiyaa darat ho khiwaiyaa  2 dole 2 dole hriday kii naiyaa  tuufaan uthaa hai bhaarii bhaarii 2 tuufaan uthaa hai bhaarii nainan se nir hai bahaa rii tuufaan uthaa hai bhaarii  sudh  darat ho khiwaiyaa ho ho sudh  darat hai khiwaiyaa dole 2 dole hriday kii naiyaa 
khet kii muulii baag ko aam,achhut kanya,1936,ashok kumar devika rani,saraswati devi,j s kashyap natawa,     de 	 khet kii muulii baag ko aam a 	main to huun chhoraa tuu to hai daam   2  a 	saawan kii badarii 2 de 	kyaa nuu terii kab naa kariyo re a 	badarii  de 	khaand ko khuramaa 2 a 	raat ko ho jaise aankhon men suramaa  a 	 gud kii bhelii 2 do 	saath rahen jaise belaachamelii  2  de 	 khet kii muulii baag ko aam a 	main to huun chhoraa tuu to hai daam   2 
o dilarubaa kahaan tak zulmositam sahenge,millionaire karorpati,1936,saigal pahadi sanyal,r c boral pankaj mullick,kedar sharma, o dilarubaa kahaan tak zulmositam sahenge 2 o dilarubaa kahaan tak  kitaabeishq men likhii hain aur hii baaten 4  o ishq ke diiwaane o husn ke parawaane 2 ham bhii to sunen aakir kyaa hain tere afasaane 2 jab daastaaneulfat aashiq bayaan karenge 2 phir aansuon ke dariyaa har aankh se bahenge 2  o dilarubaa kahaan tak zulmositam sahenge o dilarubaa kahaan tak  o dilarubaa kahaan tak zulmositam sahenge o dilarubaa kahaan tak  mujhe yaqiin hai merii mohabbat men jhuuthii qasamen uthaa rahii ho 2 idhar main aansuu bahaa rahaa huun udhar tum aansuu bahaa rahii ho 2  o dilarubaa kahaan tak zulmositam sahenge o dilarubaa kahaan tak 
hari charanan men safal hot  panaghat pe kanhaiyaa aataa hai,vidyapati,1937,k c dey,r c boral,kedar sharma,  aa aa hari charanan men saphal hot sab puujaa 2  hari charanan men saphal hot sab puujaa aa hari charanan men saphal hot sab puujaa  jab koii musaafir andhiyaare men apanii raah kho jaataa hai  2  phir manamohanayaa haath pakad kar usako raah dikhaataa hai  2  	gaao naa  gaauun kyaa gaauun betaa   oh achchhaa   panaghat pe kanhaiyaa aataa hai aa kar dhuum machaataa hai  2 panaghat pe kanhaiyaa aataa hai raadhaa se raas rachaataa hai 2 sakhiyon ko sakhiyon ko naach nachaataa hai wo baansuriyaa le aataa hai 2 aur miithii taan sunaataa hai 2  panaghat pe kanhaiyaa aataa hai aa kar dhuum machaataa hai panaghat pe kanhaiyaa aataa hai   mohan ko maakhan bhaataa hai wo maakhan kuub churaataa hai  2 khaataa hai aur ganvaataa hai khaataa aur ganvaataa hai sakhiyon ko bahot sataataa hai 2  panaghat pe kanhaiyaa aataa hai aa kar dhuum machaataa hai panaghat pe kanhaiyaa aataa hai 
rut hai suhaanii mast hawaayen,street singer,1938,kanan devi k l saigal,r c boral,arzo lucknavi,  sai 	kaun saa gaanaa  kaa 	rut hai suhaanii mast hawaayen 2 	chhaaii hain uundii ghataayen 2 	rut hai suhaanii mast hawaayen 2  sai 	sukh kaa jaaganaa kaa 	sukh kaa sonaa do 	har karavat sukh honaahonaa hai 	sukh kaa jaaganaa 	sukh kaa sonaa 	har karavat sukh honaahonaa hai 	sukh kaa jaaganaa  sai 	duniyaa aage badhe to ham bhii piichhe kyuun rah jaayen 2  sai 	ye kyaa karatii ho kaa  merii kushii 	meraa ghar 	jo jii chaahegaa karuungii sai 	achchhaa 	karo kaa 	zuruur karuungii 	karuungii to  kaa 	 phuulon se raanaaii siikhen 	guncho se zebaaii siikhen  2 sai 	 jaise rang rache hon sabamen 	wohii rang rang jaayen  2 do 		ham bhii wohii rang rang jaayen 
piye jaa aur piye jaa,pujaarin,1936,saigal,timir baran,, piye jaa aur piye jaa zindagii kaa gam khaaye terii balaa  jiye jaa aur piye jaa botal uthaa kaag udaa are zindagii kaa hai yahii muddaa  jiye jaa aur piye jaa jitanii pii sakataa hai pii le are do din aur bhii jag men jii le   sochataa hai kyaa aur piye jaa aankh bachii baaten jaane koii kyaa  2  kair jo hogaa dekhaa jaayegaa  2 are ab to piye jaa 
maare raam jilaave raam,kangan,1939,pradeep chorus,ramchandra pal,sant kabir,     maare raam jilaave raam 4 jaako raakhe saaiyaan maar naa sakataa koy 2 baal na baankaa kar sake jo jag bairii hoy 2 maare raam jilaave raam 2  mariye to mar jaaiye chhuut jaay janjaal 2 aisaa maranaa ko mare din men sausau baar 2 maare raam jilaave raam 2  sir raakhe sir jaat hai sir kaate sir hoy 2 jaise baatii diip kii kate ujiyaaraa hoy 2 maare raam jilaave raam 2 
ek thaa raajaa ek thii raanii donon par chhaaii thii jawaanii,duniya na maane the unexpected,1937,shanta apte,keshav rao bhole,munshi aziz,  ek thaa raajaa   haan haan suno to  ek thaa raajaa   ek thaa raajaa ek thii raanii donon par chhaaii thii jawaanii 2  priit men donon diiwaane the 2 sukhsaagar men bahate the 2 premnagar ke ek mandar men 2 donon hilmil rahate the 2  raanii kahatii thii man meraa motii aa raanii kahatii thii man meraa motii raajaa kahe main man kaa chor 2 raanii kahatii chandrikaa hun main raanii kahatii  raanii kahatii chandrikaa hun main raajaa kahataa thaa main huun chakor 3  premchaandanii chaaron or premchaandanii   chaaron or wo hanshans ke karate the shor 3 jaise kuunken moraniimor 2 wo hanshans ke karate the shor wo hanshans ke 3 aa haanhaanhaan hans ke 6 karate the shor 
ab mainne jaanaa hai haay prem kyaa hai,amar jyoti immortal flame,1936,shanta apte,master krishnarao,pt narottam vyas, ab mainne jaanaa hai haay prem kyaa hai  ham agar jaanate ki ishq dard detaa hai to bhalaa kis liye is marz kaa saudaa karate  prem banaa ab dil kii bedii jo zewar maanaa hai  ishq aur dil hilamil ke dostii men ek hue dil se gar ishq nikaale to dil bhii jaataa hai
raadhaa raadhaa pyaarii raadhaa raadhaa prem agaadhaa,kangan,1939,ashok kumar leela chitnis,ramchandra pal,pradeep,  a 	raadhaa raadhaa pyaarii raadhaa 	raadhaa prem agaadhaa 	kisane ham aazaad parindon 	ko bandhan men baandhaa lii 	 saajan kyuun bandhan men baandhaa a 	raadhaa kyuun bandhan men baandhaa  2 do 	kisane ham aazaad parindon ko bandhan men baandhaa a 	raadhaa raadhaa pyaarii raadhaa  lii 	 kuunkuun kar ke koyal bolii 	dilawaalon kii duniyaa dolii  2 a 	 sharamiilii bholii kaliyon ne 	apaniiapanii khidakii kholii  2 	fauran bhanwaron kii tolii ne 2 	prem baan ko saadhaa 	 raadhaa prem baan ko saadhaa lii 	saajan prem baan kyuun saadhaa  2 a 	raadhaa raadhaa pyaarii raadhaa 	raadhaa prem agaadhaa 	raadhaa raadhaa pyaarii raadhaa   raadhaa raadhaa pyaarii raadhaa raadhaa prem agaadhaa kisane ham aazaad parindon ko bandhan men baandhaa saajan kyuun bandhan men baandhaa  raadhaa kyuun bandhan men baandhaa kisane ham aazaad parindon ko bandhan men baandhaa raadhaa raadhaa pyaarii raadhaa raadhaa prem agaadhaa 
koii priit kii riit bataa do hamen,kaarwaanehayaat,1935,saigal pahadi sanyal female voice,mihir kiran bhattacharya,, koii priit kii riit bataa do hamen koii man kaa miit milaa do hamen koii aisaa giit sunaa do hamen khil jaaye dil se dil kii kalii 2  banawaasii miit kahaan jaane paradesii priit kahaan jaane ham aisaa giit kahaan jaane 2 khil jaaye dil se dil kii kalii 2 yahaan dil kii kalii kabahii na khilii 2  ye sab shaharon ke dhande hain ye hirsohawas ke phande hain ham to sailaanii bande hain ham priit kii riit kahaan jaane 2   dil jangal hii men bahalataa hai yahaan honthon pe giit machalataa hai  2 yahaan prem kaa saagar chalataa hai 2   hamen priit kii riit bataa de koii hamen aisaa giit sunaa de koii  2 khil jaaye dil se dil kii kalii 2 yahaan dil kii kalii to kabhii naa khilii 2 
main ban kii chidiiyaa ban ke ban ban boluun re,achhut kanya,1936,devika rani ashok kumar,sarasvati devi,j s kashyap natawa, de main ban kii chidiyaa ban ke ban ban boluun re a main ban kaa panchhii ban ke sang sang doluun re  2  de main daal daal ud jaauun nahiin pakadaaii main aauun  2 a tum daal daal main paat paat bin pakade kabhii na chhoduun sang sang doluun re   2 de ban ban boluun re  de main ban kii chidiyaa ban ke ban ban boluun re a main ban kaa panchhii ban ke sang sang doluun re de main ban kii chidiyaa ban ke ban ban boluun re a sang sang doluun re
lag gaii chot karejawaa men haay raamaa,yahoodi ki ladki,1933,saigal,pankaj mullick,, aa lag gaii chot karejawaa men haay raamaa lag gaii chot karejawaa men haay raam lag gaii chot  nainon ke tiir mohe maar gayo sainyaan 2 o lag gaii chot karejawaa men haay raam lag gaii chot  aanajaan kii main nahiin jaanuun re 2 ghaayal kar ke haay 2 ghaayal kar ke sidhaar karo sainyaan lag gaii chot karejawaa men haay raamaa lag gaii chot  kuchh maajaraa sunaataa huun main husnoishq kaa lailaa kii ek aas men diivaanaa kais thaa baadefanaa thaa donon kaa madapan judaajudaa lekin wo donon qabron se aatii hai ye sadaa lag gaii chot karejawaa men haay raamaa lag gaii chot  gor se majanuun ke jaa puuchaa kisii ne ye sakhun yaad kuchh lailaa kii ab bhii baakii hai o kastaatan aa hasan jii bhar ke bolaa khainch kar munh se qafan   lag gaii chot karejawaa men haay raamaa lag gaii chot 
premkahaanii sakhii sunat suhaave,dhoop chhaaon bhagya chakra,1935,uma shashi,r c boral pankaj mullick,pt sudarshan,     premkahaanii sakhii sunat suhaave 2 chor churaave maal kazaanaa 2 piyaa nainan kii nindiyaa churaave 2 premkahaanii sakhii sunat suhaave 2  premkahaanii sakhii sunat suhaave 2 daakuu chalaave lohe kaa bhaalaa 2 piyaa najariyaa ke tiir chalaave 2 premkahaanii sakhii sunat suhaave 2  priitnagar kii riit niraalii 2 jo mar jaaye amar ho jaaye 2 premkahaanii sakhii sunat suhaave 2 
havaa tum dhiire baho mere aate honge chitachor,kangan,1939,leela chitnis,saraswati devi,pradeep,     havaa tum dhiire baho mere aate honge chitachor 3 havaa tum dhiire baho   chhotii sii mere dil kii talaiyaa dagmag dole priit kii naiyaa  2  o purawaiyaa dayaa karo mere hiyaa men uthat hilor havaa tum dhiire baho mere aate honge chitachor 2 
rang daaraa rang daaraa mohe prem rang men,vidyapati,1937,rampyari chapla,r c boral,kedar sharma,     rang daaraa rang daaraa mohe prem rang men 4 mandmand umang hai 2 ang ang men 
dil men tuu aankhon men tuu saanson men tuu,pukaar,1939,menka,mir sahab,kamal amrohi,     dil men tuu aankhon men tuu saanson men tuu lab pe tuu kayaalon men tuu kaabon men tuu dil men tuu aankhon men tuu saanson men tuu  kis baat kii angadaaiyaan lete huye jalawon men tuu dopahar ke jagamagaate 2 aatishiin sholon men tuu bhiiniibhiinii shaam ke 2 anaginat taaron men tuu raat kii motii bharii 2 ghanaghor sii zulfon men tuu dil men tuu aankhon men tuu saanson men tuu  aandhiyon kii rau men baith khaate huye jo kaam kaa baarishon kii jagamagaatii 2 anaginat ladiyon men tuu nuur se dhoye huye 2 mahataab ke chehare men tuu  aag se dahake huye suuraj ke rukasaaron men tuu  2 dil men tuu aankhon men tuu saanson men tuu lab pe tuu kayaalon men tuu kaabon men tuu dil men tuu aankhon men tuu saanson men tuu 
prem nagar men banaauungii ghar main,chandidas,1934,saigal uma shashi,r c boral,aga h kashmiri, u  prem nagar men banaauungii ghar main sajake ghar sansaar 2     prem kaa aangan prem kii chhat aur prem ke honge dvaar 2     prem nagar men banaauungii ghar main sajake ghar sansaar 2  s  prem sakhaa ho prem padausii     prem men sukh kaa saar prem men duhkh kaa saar     prem sakhaa ho prem padausii      prem men duhkh kaa saar prem men sukh kaa saar     prem ke sang bitaayenge jiivan 2     prem hii praanaadhaar     prem ke sang bitaayenge jiivan prem hii praanaadhaar     prem sakhaa ho prem padausii     prem men sukh kaa saar prem men duhkh kaa saar     prem ke sang bitaayenge jiivan 2     prem hii praanaadhaar  u  prem sudhaa se snaan karuungii      prem se hogaa shringaar prem se hogaa shringaar 2 s  prem hii karm hai prem hii dharm hai      prem hii sant vichaar prem hii sant vichaar 2  u  prem nagar men banaauungii ghar main sajake ghar sansaar 
prem kii naiyaa chalii jal men morii,dhoop chhaaon bhagya chakra,1935,uma shashi pahadi sanyal,r c boral pankaj mullick,pt sudarshan, p prem kii naiyaa chalii jal men morii chhotii sii naiyaa chalii jal men morii  u prem kaa saagar prem kii naiyaa prem musaafir prem ravayyaa prabhu bin moraa kaun rakhaiyaa p sok kare tuu kyuun ati naarii ye naiyaa kabhii naa gaii jal men morii chhotii sii naiyaa threedots  u chaar taraf chhaayaa andhiyaaraa suujhe naahii duur kinaaraa tharthar kaanpe man matawaaraa p kyuun  man kii kamazorii ye naiyaa hameshaa chalii jal men morii do chhotii sii naiyaa threedots
apane maulaa kii main jogan banuungii,yahoodi ki ladki,1933,ratanbai,pankaj mullick,, apane maulaa kii main jogan banuungii jogan banuungii viyogan banuungii  koii jaawe masjid andar koii jaawe mandar hamane teraa jalawaa dekhaa pyaare dil ke andar maulaa kii main jogan banuungii threedots  tere ishq men pahanii kafanii chhodaa jewar gahanaa tuu jis rang men khush ho pyaare usii rang men rahanaa maulaa kii main jogan banuungii threedots  koyal banake banban dhuundhaa bulabul banake gulashan kaliyaan kaliyaan tujhako dhuundhaa ban ke terii naagan maulaa kii main jogan banuungii threedots
dil se terii nigaah jigar tak utar gaii,kaarwaanehayaat,1935,saigal,mihir kiran bhattacharya,mirza asadullah khan ghalib, dil se terii nigaah jigar tak utar gaii 2 donon ko ik adaa men razaamand kar gaii 2  wo baadaaeshabaanaa kii saramastiyaan kahaan uthiye bas ab ke lazzatekaabesahar gaii 2  dekho to dilfarebiieandaazenaqshepaa 2 maujekiraameyaar bhii kyaa gul katar gaii 2   nazzaare ne bhii kaam kiyaa vaan naqaab kaa 2 mastii se har nigah tere ruk par bikhar gaii 2  maaraa zamaane ne maaraa zamaane ne asadullaah kaan tumhen 2 wo walawale wo wo walawale kahaan wo jawaanii kidhar gaii 2 
kyon baje hriday viinaa ke taar  aaii bahaar aaii bahaar,kangan,1939,ashok kumar leela chitnis,ramchandra pal,pt narottam vyas,  a 	uun uun uun uun lii 	uun uun uun a 	kyon baje 	hriday viinaa ke taar 	murajhaaii 	murajhaaii 	man kii bagiyaa men 	aaii bahaar aaii bahaar 2  lii 	 gaye chhod 	neh naate ko tod  2 	rahane do ye jhutaa dulaar 2 a 	baj uthaa aaj dil kaa sitaar 2  	murajhaaii do 	murajhaaii 	man kii bagiyaa men 	aaii bahaar aaii bahaar 2  a 	kyaa ruth gaii ho pyaarii 2 lii 	tum bade nithur giradhaarii 2 a 	ab maaro naa taanon kii maar 2  	murajhaaii do 	murajhaaii 	man kii bagiyaa men 	aaii bahaar aaii bahaar 2  a 	 kyuun chhupii kunj men 	baahar kyuun nahiin aatii  2 lii 	dil dharake ghanashyaam 2 	aatii main sharamaatii 2 a 	na tarasaao na tarasaao do 	aaii bahaar aaii bahaar 2 
sundar naarii priitam pyaarii,manzil,1936,pankaj mullick,r c boral,arzoo lucknavi a h shor,      sundar naarii priitam pyaarii pyaarii chhab dikhalaaye pyaarii pyaarii chhab dikhalaaye  2 nainaa rasiile baanke katiile 2 chaadii nain ladaaye pyaarii chaadii nain ladaaye sundar naarii priitam pyaarii pyaarii chhab dikhalaaye pyaarii pyaarii chhab dikhalaaye  ek to birah agan sataaye duuje lagii jalaaye 2 moh bharaa man phuul kamal saa 2 dhuup lage kumhalaaye 2  
nuktaachiin hai gamedil usako sunaaye na bane,yahoodi ki ladki,1933,saigal,pankaj mullick,mirza ghalib, aa aa nuktaachiin hai gamedil usako sunaaye na bane kyaa bane baat jahaan baat banaaye na bane 2  main bulaataa to huun usako magar ai jazbaaedil 2 us pe ban jaaye kuchh aisii us pe ban jaaye kuchh aisii ki bin aaye na bane 2 nuktaachiin hai gamedil usako sunaaye  bojh wo sar pe giraa bojh woh sar se giraa hai ki uthaaye na uthe kaam wo aan padaa hai ke banaaye na bane 2 nuktaachiin hai gamedil usako sunaaye  ishq par zor nahiin ishq par zor nahiin hai ye vo aatish gaalib ke lagaaye na lage ke lagaaye na lage aur bujhaaye na bane 2 nuktaachiin hai gamedil usako sunaaye 
jaage aaj more bhaag sahilii aao gaao bajaao,jwaala,1938,ratnaprabha chorus,dhamman khan,pt indra,     jaage aaj more bhaag sahelii aao gaao bajaao mangal thaal sajaao  kunwar kanhaiyaa kunwar kanhaiyaa jaago ho ab jaago ho   pahalii sahelii baag men           hansatii khilatii lachake machake          madabhar kaliyaan chhalake dhalake duu sa  hamarii sajanii amar suhaagin          god bharaiyo sab sukh paiyo tii sa  hans hans kariyo priitam puujaa  kunwar kanhaiyaa   nazar guzar mere laal kii re nagar badhaaii baantatii re matawaale ran kesarii tohe aan khilaawen god bolo bolo nainaa kholo  kunwar kanhaiyaa  rasavant kant sukhadhaam kii ye nainaa utaaren aaratii tan praan naath par waaratii aao aao godii aao  kunwar kanhaiyaa 
giit suno wo giit saiyaan,pukaar,1939,sheela,mir sahab,kamal amrohi,      giit suno wo giit saiyaan 4 jo ham sabake hosh udaa de 2 ras aur mad ke sote bahaa de 2 giit suno wo giit saiyaan 2 giit suno wo giit  jo jiivan men aag lagaa de 2 jo sapanon kaa meh barasaa de 2 giit suno wo giit saiyaan 2 giit suno wo giit  jo gaate main hamare bhagawan 2  hai ye kaayaa giit ki kaaran 2  giit suno wo giit saiyaan 2 giit suno wo giit  giit suno wo giit saiyaan giit suno wo giit  samajhe kyaa samajhe samajhaavo samajh gaye ab tum bhii gaa do 
tan kaa kar le band kiwaadaa,vidyapati,1937,kanan devi k c dey k c dey,r c boral,kedar sharma,     tan kaa kar le band kiwaadaa man kii khidakii khol  anuraadhaa phir kaho  tan kaa kar le band kiwaadaa man kii khidakii khol  tan kaa kar le band kiwaadaa man kii khidakii khol  haan dar kyaa jo chhaayaa andhiyaaraa dar kyaa jo hai duur duur kinaaraa dar kyaa   dar kyaa jo chhaayaa andhiyaaraa dar kyaa jo hai duur duur kinaaraa dar kyaa jo chhaayaa andhiyaaraa  madhusuudan daadaa madhusuudan daadaa  anuraadhaa gopaal gopaal mujhe bhii tumhaaare paas le aayaa ruko nahiin ruko nahiin anuraadhaa kahe jaao kahe jaao anuraadhaa anuraadhaa  dar kyaa jo chhaayaa andhiyaaraa dar kyaa jo hai duur duur kinaaraa  paar karegaa hai priitam teraa muurakh man mat dol dol re  2  man kii khidakii khol khol re man kii khidakii khol 
jal bharane chalo rii guiyaan,kangan,1939,leela chitnis,ramchandra pal,pt narottam vyas,     jal bharane chalo rii guiyaan 2 jamunaa kinaaraa chanchal dhaaraa 2 pawan chalat purabaiyaa 2 jal bharane chalo rii guiyaan 2  raamuu sudsud karataa rahataa naak baraabar bahatii hai balluu bhonduu nahiin jaanataa dhotii kahaan se bandhatii hai   chalo rii guiyaan jal bharane chalo rii guiyaan  daaldaal par phuul khile hain 2 kuuk rahii koyaliyaa 2 jal bharane chalo rii guiyaan jal bharane chalo rii  ramaa ramaa  jal bharane chalo rii guiyaan 2  kunjkunj men bhanwaraa guunje 2 hansatii komal kaliyaan 4 jal bharane chalo rii guiyaan jal bharane 
chhute asiir to badalaa huaa zamaanaa thaa,devdaas,1935,saigal,timir baran,kedar sharma,  chhute asiir to badalaa huaa zamaanaa thaa na phuul the na chaman thaa na aashiyaanaa thaa  ujad chukaa jo chhotaa saa aashiyaanaa thaa vah mit chukaa hai fidaa jisape ek zamaanaa thaa  vah baag hii naa rahaa jisape naaz thaa mujhako vah shaakh hii na rahii jisape aashiyaanaa thaa  kiyaa asiir mujhe lajjateasiir ne jab vah udake daamaan men aane kaa ek bahaanaa thaa  na puuchh ujade nasheman kii daastaan na puuchh the chaar tinake magar naam aashiyaanaa thaa 
kyaa kaaran hai ab rone kaa,pooran bhagat,1933,k c dey,r c boral,, kyaa kaaran hai ab rone kaa kaalii raat huii ujiyaalii paayaa jiivan kaa ujiyaaraa rahaa andheraa solaa baras tak  ghataa chhaaii rahii ghanaghor puuran chandra badarii se nikale ruup daras maataa ko dewe
tujhe bibbo kahuun ki sulochanaa,gharib ka laal prince of paupers,1939,,sagir asif,,  tujhe bibbo kahuun ki sulochanaa umaa shashi kahuun yaa ki jamanaa tujhe motii kahuun ki biliimoriyaa tujhe sayagal kahuun yaa ki baravaa  tujhe kajjan kahuun yaa ki shaantaa ratanabaaii kahuun mehataab kah duun yaa ki maadhurii merii bimalaa merii kaanan merii jaddan merii rozii tujhe gauhar kahuun ki sabitaa devakaaraanii kahuun ki lalitaa durgaa khote kahuun ki jubedaa  tujhe ghorii kahuun diixit kahuun yaa tujhe chaarlii kah duun kahuun mirzaa musharraf yaa tujhe main kaabulii kah duun tujhe surendr kahuun yaa ki vaastii main kumaar kahuun yaa ki gazanavii 
prem karat ban men jalat tan men piyaa base man men,toofaani taarzan,1937,female voice,master mohammed,pt gyan,       prem karat ban men jalat tan men piyaa base man men ban jogan premlagan liye dhyaan sajan ke  2  milaa na mahe jab dardedil kaa gulashan men 2 main dhuudhatdhuudhat aan basii huun ban men 2   prem karat ban men jalat tan men piyaa base man men ban jogan premlagan liye dhyaan sajan ke  2 
saavan aaye yaa naa aaye piyaa ghar aaye saavan hai,saadhana,1939,harish,anupam ghatak,kanhaiyalal chaturvedi, saavan aaye yaa naa aaye piyaa ghar aaye saavan hai priitam pyaarii jab mil jaaye tabhii basant suhaavan hai  pushp lataaen bhii tab jhuulen jal kii tarangen bhii tab khelen sajanii jab saajan sang jhuule wahii samay manabhaavan hai
lachhamii muurat daras dikhaaye,street singer,1938,kanan devi,r c boral,arzoo lucknowi,     lachhamii muurat daras dikhaaye 2 sir par mukut gale men maalaa 2 man lalachaaye lachhamii muurat daras dikhaaye 2   hai kyaa koii sohaavan sapanaa dhan maayaa sab apanaaapanaa  2 naahinnaahin khuulii aankh men naahinnaahin nahiin khuulii aankh men sapanaa kahaan samaay  lachhamii muurat daras dikhaaye 2  laalach kii kharii bii dhuup ye hai naa pichhale janam kii ruup ye hai laalach kii kharii bii dhuup ye hai naa pichhale janam kii ye ruup pe hai   ho nahiin sakataa duubaa suuraj raat ko saamane aaye  2  naa dhokhaa naa ye chhal hai kyaa pichhale karam kaa phal hai  2 koii jatan ho jaaye ye devi haath na aa  
piirpiir kyaa karataa re terii piir na jaane koy,achhut kanya,1936,ashok kumar,saraswati devi,j s kashyap natawa,     piirpiir kyaa karataa re terii piir na jaane koy 2  tere dil kii lagii koii kyaa jaane tan piir bhaii koii kyaa jaane ghaayal kii gati ghaayal jaane aur na jaane koy 2 piirpiir kyaa karataa re terii piir na jaane koy 2 
hairatenazzaaraa aakir ban gaiin raanaaiyaan,kaarwaanehayaat,1935,saigal,mihir kiran bhattacharya,hakim ahmad shuja pasha, hairatenazzaaraa aakir ban gaiin raanaaiyaan kaak ke zarron men aatii hain nazar gulzaariyaan  jab se dekhaa hai tujhe ik dard hai dil men nihaan ai sabaa le jaa tuuhii un tak merii bedaariyaan  marhabaa barqejamaaleyaar tujh par benisaar marhabaa joshejunuuneishq kii rusavaaiyaan  alvidaa  ai  qaafile  waale mujhe  ab  chhod do merii qismat men likhii hain dasht kii viiraaniyaan
mujhako gametanhaaii har zulm gavaaraa hai,gaazi salauddin,1939,ratan bai,khemchand prakash,, mujhako gametanhaaii har zulm gavaaraa hai majabuur huun bebas huun rahamat kaa sahaaraa hai  siine men machalate hain aramaan shahaadat ke aankhon men basaa har dam jannat kaa nazaaraa hai  har roz palat qisamat tuutenge sitam tere biimaareshahaasat kaa duniyaa se kinaaraa hai
merii aankhon men aakar samaayaa hai tuu,millionaire karorpati,1936,,rai chand boral punkaj mullick,kedar sharma,  merii aankhon men aakar samaayaa hai tuu mujhako aathon pahar hai terii justajuu  gore majanuun se lailaa ne jaakar kahaa qushtaaenaaz baaqii hai ab dil men kyaa gore majanuun se us vaqt aaii sadaa bas terii justajuu hai terii justajuu mujhe aathon pahar threedots  ab main samajhaa ki bulabul hai naashaad kyon jal ke paravaanaa hotaa hai barabaad kyon kaise jangal men kyon koh men fariyaad kyon jisako dekhaa use hai terii justajuu mujhe aathon pahar threedots 
priitam se priit nibhaaungii,street singer,1938,kanan devi,r c boral,arzo lucknavi,  priitam se priitaa nibhaavungii wo to hai mere man men samaaye 2 main bhii unamen samaavuungii paa kar unako kho jaavungii  nagarnagar aur dagardagar saajan ko dhuundan jaavungii  2 priitam se priit nibhaavungii 2   le ke kamandal chhod ke mandal  2  raajpaat ko taj duungii sab kho kar unako paavuungii  2   nagarnagar aur dagardagar saajan ko dhuundan jaavungii  2 priitam se priitaa nibhaavuungii 
chhod aakaash ko sitaare zamiin par laaye,maaya machhindra illusion triya rajya,1932,govindrao tembe,govindrao tembe,kumar,  chhod aakaash ko sitaare zamiin par laaye dekhiye swarg kii kyaa haa kairkabar laaye dekhiye swarg kii kyaa haa haa kairkabar laaye chhod aakaash ko sitaare zamiin par laaye aa aa aaye chhod aakaash ko sitaare zamiin par laaye  yaa nirakh teraa ati sundar mukhadaa haa yaa nirakh teraa haa yaa nirakh teraa aa yaa nirakh teraa ati sundar mukhadaa jal kar shashi tar jaay haa jal kar shashi tar jaay khand laakhon usii ke maanon zamiin par aaye 2  chhod aakaash ko sitaare zamiin par laaye dekhiye swarg kii kyaa haa ha kairkabar laaye chhod aakaash ko sitaare zamiin par laaye 2 aa aaye chhod aakaash ko sitaare zamiin par laaye 
jogan bhatak rahii hai banban,kangan,1939,leela chitnis,saraswati devi,pt narottam vyas,     jogan bhatak rahii hai banban vaako kaun jaako denaa thaa re tanman  jogan bhatak rahii hai banban 2 vaako kaun jaako denaa thaa re tanman  jogan bhatak rahii hai banban  saawan kii aadhii barasaaten maawas kii andhiyaarii raaten raah men kaante dhuundhatii phiratii 2 jo paas mere wo hai man wo dhan  jogan bhatak rahii hai banban 2 
